2026-07-24 17:36:18 INFO  [main] ExcelUtils - Reading Excel file : src/main/resources/testdata/LoginData.xlsx
2026-07-24 17:36:19 INFO  [main] ExcelUtils - Excel data loaded successfully
2026-07-24 17:36:19 INFO  [main] BaseTest - ========== Starting Test : verifyValidLogin ==========
2026-07-24 17:36:19 INFO  [main] ConfigReader - Loading config.properties file
2026-07-24 17:36:19 INFO  [main] ConfigReader - Configuration loaded successfully
2026-07-24 17:36:19 INFO  [main] DriverFactory - Initializing browser : CHROME
2026-07-24 17:36:21 INFO  [main] DriverFactory - CHROME browser launched successfully
2026-07-24 17:36:21 INFO  [main] BaseTest - Opening application URL : https://www.saucedemo.com/
2026-07-24 17:36:24 INFO  [main] LoginTest - Starting Login Test
2026-07-24 17:36:24 INFO  [main] BaseTest - Cleaning test execution
2026-07-24 17:36:24 INFO  [main] DriverFactory - Closing browser
2026-07-24 17:36:25 INFO  [main] DriverFactory - Browser closed successfully
2026-07-24 17:36:25 INFO  [main] BaseTest - ========== Test Execution Completed ==========
2026-07-24 17:36:25 INFO  [main] BaseTest - ========== Starting Test : verifyValidLogin ==========
2026-07-24 17:36:25 INFO  [main] DriverFactory - Initializing browser : CHROME
2026-07-24 17:36:26 INFO  [main] DriverFactory - CHROME browser launched successfully
2026-07-24 17:36:26 INFO  [main] BaseTest - Opening application URL : https://www.saucedemo.com/
2026-07-24 17:36:28 INFO  [main] LoginTest - Starting Login Test
2026-07-24 17:36:28 INFO  [main] BaseTest - Cleaning test execution
2026-07-24 17:36:28 INFO  [main] DriverFactory - Closing browser
2026-07-24 17:36:29 INFO  [main] DriverFactory - Browser closed successfully
2026-07-24 17:36:29 INFO  [main] BaseTest - ========== Test Execution Completed ==========
2026-07-24 17:36:29 INFO  [main] BaseTest - ========== Starting Test : verifyValidLogin ==========
2026-07-24 17:36:29 INFO  [main] DriverFactory - Initializing browser : CHROME
2026-07-24 17:36:30 INFO  [main] DriverFactory - CHROME browser launched successfully
2026-07-24 17:36:30 INFO  [main] BaseTest - Opening application URL : https://www.saucedemo.com/
2026-07-24 17:36:33 INFO  [main] LoginTest - Starting Login Test
2026-07-24 17:36:33 INFO  [main] BaseTest - Cleaning test execution
2026-07-24 17:36:33 INFO  [main] DriverFactory - Closing browser
2026-07-24 17:36:33 INFO  [main] DriverFactory - Browser closed successfully
2026-07-24 17:36:33 INFO  [main] BaseTest - ========== Test Execution Completed ==========
2026-07-24 17:39:14 INFO  [main] TestListener - ========== Test Execution Started ==========
2026-07-24 17:39:15 INFO  [main] ExtentReportManager - Extent Report Created : C:\Users\HP\Desktop\Project\selenium-testng-framework\reports\AutomationReport_20260724_173914.html
2026-07-24 17:39:15 INFO  [TestNG-test=Parallel Tests-1] ExcelUtils - Reading Excel file : src/main/resources/testdata/LoginData.xlsx
2026-07-24 17:39:16 INFO  [TestNG-test=Parallel Tests-1] ExcelUtils - Excel data loaded successfully
2026-07-24 17:39:16 INFO  [TestNG-test=Parallel Tests-1] BaseTest - ========== Starting Test : verifyValidLogin ==========
2026-07-24 17:39:16 INFO  [TestNG-test=Parallel Tests-1] ConfigReader - Loading config.properties file
2026-07-24 17:39:16 INFO  [TestNG-test=Parallel Tests-1] ConfigReader - Configuration loaded successfully
2026-07-24 17:39:16 INFO  [TestNG-test=Parallel Tests-1] DriverFactory - Initializing browser : CHROME
2026-07-24 17:39:19 INFO  [TestNG-test=Parallel Tests-1] DriverFactory - CHROME browser launched successfully
2026-07-24 17:39:19 INFO  [TestNG-test=Parallel Tests-1] BaseTest - Opening application URL : https://www.saucedemo.com/
2026-07-24 17:39:21 INFO  [TestNG-test=Parallel Tests-1] TestListener - Test Started : com.amol.automation.tests.LoginTest.verifyValidLogin
2026-07-24 17:39:21 INFO  [TestNG-test=Parallel Tests-1] ExtentReportManager - Extent Test Created : com.amol.automation.tests.LoginTest.verifyValidLogin
2026-07-24 17:39:21 INFO  [TestNG-test=Parallel Tests-1] LoginTest - Starting Login Test
2026-07-24 17:39:21 INFO  [TestNG-test=Parallel Tests-1] LoginPage - Starting login process
2026-07-24 17:39:21 INFO  [TestNG-test=Parallel Tests-1] LoginPage - Entering username : standard_user
2026-07-24 17:39:21 INFO  [TestNG-test=Parallel Tests-1] BasePage - Entering text : standard_user
2026-07-24 17:39:22 INFO  [TestNG-test=Parallel Tests-1] LoginPage - Entering password
2026-07-24 17:39:22 INFO  [TestNG-test=Parallel Tests-1] BasePage - Entering text : secret_sauce
2026-07-24 17:39:22 INFO  [TestNG-test=Parallel Tests-1] LoginPage - Clicking Login button
2026-07-24 17:39:22 INFO  [TestNG-test=Parallel Tests-1] BasePage - Clicking element : [[ChromeDriver: chrome on windows (15485dffe7751f1778985942f622e1f4)] -> id: login-button]
2026-07-24 17:39:22 INFO  [TestNG-test=Parallel Tests-1] LoginPage - Login successful, navigating to Home Page
2026-07-24 17:39:22 INFO  [TestNG-test=Parallel Tests-1] LoginTest - Login completed successfully
2026-07-24 17:39:22 INFO  [TestNG-test=Parallel Tests-1] HomePage - Fetching Home page title
2026-07-24 17:39:23 INFO  [TestNG-test=Parallel Tests-1] BasePage - Getting text : Products
2026-07-24 17:39:23 INFO  [TestNG-test=Parallel Tests-1] TestListener - Test Passed : verifyValidLogin
2026-07-24 17:39:23 INFO  [TestNG-test=Parallel Tests-1] BaseTest - Cleaning test execution
2026-07-24 17:39:23 INFO  [TestNG-test=Parallel Tests-1] DriverFactory - Closing browser
2026-07-24 17:39:23 INFO  [TestNG-test=Parallel Tests-1] DriverFactory - Browser closed successfully
2026-07-24 17:39:23 INFO  [TestNG-test=Parallel Tests-1] BaseTest - ========== Test Execution Completed ==========
2026-07-24 17:39:23 INFO  [TestNG-test=Parallel Tests-1] BaseTest - ========== Starting Test : verifyValidLogin ==========
2026-07-24 17:39:23 INFO  [TestNG-test=Parallel Tests-1] DriverFactory - Initializing browser : CHROME
2026-07-24 17:39:25 INFO  [TestNG-test=Parallel Tests-1] DriverFactory - CHROME browser launched successfully
2026-07-24 17:39:25 INFO  [TestNG-test=Parallel Tests-1] BaseTest - Opening application URL : https://www.saucedemo.com/
2026-07-24 17:39:27 INFO  [TestNG-test=Parallel Tests-1] TestListener - Test Started : com.amol.automation.tests.LoginTest.verifyValidLogin
2026-07-24 17:39:27 INFO  [TestNG-test=Parallel Tests-1] ExtentReportManager - Extent Test Created : com.amol.automation.tests.LoginTest.verifyValidLogin
2026-07-24 17:39:27 INFO  [TestNG-test=Parallel Tests-1] LoginTest - Starting Login Test
2026-07-24 17:39:27 INFO  [TestNG-test=Parallel Tests-1] LoginPage - Starting login process
2026-07-24 17:39:27 INFO  [TestNG-test=Parallel Tests-1] LoginPage - Entering username : problem_user
2026-07-24 17:39:27 INFO  [TestNG-test=Parallel Tests-1] BasePage - Entering text : problem_user
2026-07-24 17:39:28 INFO  [TestNG-test=Parallel Tests-1] LoginPage - Entering password
2026-07-24 17:39:28 INFO  [TestNG-test=Parallel Tests-1] BasePage - Entering text : secret_sauce
2026-07-24 17:39:29 INFO  [TestNG-test=Parallel Tests-1] LoginPage - Clicking Login button
2026-07-24 17:39:29 INFO  [TestNG-test=Parallel Tests-1] BasePage - Clicking element : [[ChromeDriver: chrome on windows (c3d28c822feaf5c9dfd9d9bf4ab8326e)] -> id: login-button]
2026-07-24 17:39:29 INFO  [TestNG-test=Parallel Tests-1] LoginPage - Login successful, navigating to Home Page
2026-07-24 17:39:29 INFO  [TestNG-test=Parallel Tests-1] LoginTest - Login completed successfully
2026-07-24 17:39:29 INFO  [TestNG-test=Parallel Tests-1] HomePage - Fetching Home page title
2026-07-24 17:39:29 INFO  [TestNG-test=Parallel Tests-1] BasePage - Getting text : Products
2026-07-24 17:39:29 INFO  [TestNG-test=Parallel Tests-1] TestListener - Test Passed : verifyValidLogin
2026-07-24 17:39:29 INFO  [TestNG-test=Parallel Tests-1] BaseTest - Cleaning test execution
2026-07-24 17:39:29 INFO  [TestNG-test=Parallel Tests-1] DriverFactory - Closing browser
2026-07-24 17:39:29 INFO  [TestNG-test=Parallel Tests-1] DriverFactory - Browser closed successfully
2026-07-24 17:39:29 INFO  [TestNG-test=Parallel Tests-1] BaseTest - ========== Test Execution Completed ==========
2026-07-24 17:39:29 INFO  [TestNG-test=Parallel Tests-1] BaseTest - ========== Starting Test : verifyValidLogin ==========
2026-07-24 17:39:29 INFO  [TestNG-test=Parallel Tests-1] DriverFactory - Initializing browser : CHROME
2026-07-24 17:39:31 INFO  [TestNG-test=Parallel Tests-1] DriverFactory - CHROME browser launched successfully
2026-07-24 17:39:31 INFO  [TestNG-test=Parallel Tests-1] BaseTest - Opening application URL : https://www.saucedemo.com/
2026-07-24 17:39:33 INFO  [TestNG-test=Parallel Tests-1] TestListener - Test Started : com.amol.automation.tests.LoginTest.verifyValidLogin
2026-07-24 17:39:33 INFO  [TestNG-test=Parallel Tests-1] ExtentReportManager - Extent Test Created : com.amol.automation.tests.LoginTest.verifyValidLogin
2026-07-24 17:39:33 INFO  [TestNG-test=Parallel Tests-1] LoginTest - Starting Login Test
2026-07-24 17:39:33 INFO  [TestNG-test=Parallel Tests-1] LoginPage - Starting login process
2026-07-24 17:39:33 INFO  [TestNG-test=Parallel Tests-1] LoginPage - Entering username : locked_out_user
2026-07-24 17:39:33 INFO  [TestNG-test=Parallel Tests-1] BasePage - Entering text : locked_out_user
2026-07-24 17:39:34 INFO  [TestNG-test=Parallel Tests-1] LoginPage - Entering password
2026-07-24 17:39:34 INFO  [TestNG-test=Parallel Tests-1] BasePage - Entering text : secret_sauce
2026-07-24 17:39:34 INFO  [TestNG-test=Parallel Tests-1] LoginPage - Clicking Login button
2026-07-24 17:39:34 INFO  [TestNG-test=Parallel Tests-1] BasePage - Clicking element : [[ChromeDriver: chrome on windows (116632a76ad6eae7518c2c1e5073ab88)] -> id: login-button]
2026-07-24 17:39:35 INFO  [TestNG-test=Parallel Tests-1] LoginPage - Login successful, navigating to Home Page
2026-07-24 17:39:35 INFO  [TestNG-test=Parallel Tests-1] LoginTest - Login completed successfully
2026-07-24 17:39:35 INFO  [TestNG-test=Parallel Tests-1] HomePage - Fetching Home page title
2026-07-24 17:40:05 ERROR [TestNG-test=Parallel Tests-1] TestListener - Test Failed : verifyValidLogin
2026-07-24 17:40:05 INFO  [TestNG-test=Parallel Tests-1] ScreenshotUtils - Screenshot captured successfully : C:\Users\HP\Desktop\Project\selenium-testng-framework\screenshots\verifyValidLogin_20260724_174005.png
2026-07-24 17:40:05 INFO  [TestNG-test=Parallel Tests-1] BaseTest - Cleaning test execution
2026-07-24 17:40:05 INFO  [TestNG-test=Parallel Tests-1] DriverFactory - Closing browser
2026-07-24 17:40:06 INFO  [TestNG-test=Parallel Tests-1] DriverFactory - Browser closed successfully
2026-07-24 17:40:06 INFO  [TestNG-test=Parallel Tests-1] BaseTest - ========== Test Execution Completed ==========
2026-07-24 17:40:06 INFO  [main] TestListener - ========== Test Execution Completed ==========
2026-07-24 17:40:06 INFO  [main] ExtentReportManager - Extent Report flushed
2026-07-25 07:19:17 INFO  [main] TestListener - ========== Test Execution Started ==========
2026-07-25 07:19:18 INFO  [main] ExtentReportManager - Extent Report Created : C:\Users\HP\Desktop\Project\selenium-testng-framework\reports\AutomationReport_20260725_071917.html
2026-07-25 07:19:18 INFO  [TestNG-test=Smoke Tests-1] ExcelUtils - Reading Excel file : src/main/resources/testdata/LoginData.xlsx
2026-07-25 07:19:19 INFO  [TestNG-test=Smoke Tests-1] ExcelUtils - Excel data loaded successfully
2026-07-25 07:19:19 INFO  [TestNG-test=Smoke Tests-1] BaseTest - ========== Starting Test : verifyValidLogin ==========
2026-07-25 07:19:19 INFO  [TestNG-test=Smoke Tests-1] ConfigReader - Loading config.properties file
2026-07-25 07:19:19 INFO  [TestNG-test=Smoke Tests-1] ConfigReader - Configuration loaded successfully
2026-07-25 07:19:19 INFO  [TestNG-test=Smoke Tests-1] DriverFactory - Initializing browser : CHROME
2026-07-25 07:19:30 INFO  [TestNG-test=Smoke Tests-1] DriverFactory - CHROME browser launched successfully
2026-07-25 07:19:30 INFO  [TestNG-test=Smoke Tests-1] BaseTest - Opening application URL : https://www.saucedemo.com/
2026-07-25 07:19:35 INFO  [TestNG-test=Smoke Tests-1] TestListener - Test Started : com.amol.automation.tests.LoginTest.verifyValidLogin
2026-07-25 07:19:35 INFO  [TestNG-test=Smoke Tests-1] ExtentReportManager - Extent Test Created : com.amol.automation.tests.LoginTest.verifyValidLogin
2026-07-25 07:19:35 INFO  [TestNG-test=Smoke Tests-1] LoginTest - Starting Login Test
2026-07-25 07:19:36 INFO  [TestNG-test=Smoke Tests-1] LoginPage - Starting login process
2026-07-25 07:19:36 INFO  [TestNG-test=Smoke Tests-1] LoginPage - Entering username : standard_user
2026-07-25 07:19:36 INFO  [TestNG-test=Smoke Tests-1] BasePage - Entering text : standard_user
2026-07-25 07:19:38 INFO  [TestNG-test=Smoke Tests-1] LoginPage - Entering password
2026-07-25 07:19:38 INFO  [TestNG-test=Smoke Tests-1] BasePage - Entering text : secret_sauce
2026-07-25 07:19:39 INFO  [TestNG-test=Smoke Tests-1] LoginPage - Clicking Login button
2026-07-25 07:19:39 INFO  [TestNG-test=Smoke Tests-1] BasePage - Clicking element : [[ChromeDriver: chrome on windows (7e42727037d2012468ec4b4fd6da7e32)] -> id: login-button]
2026-07-25 07:19:39 INFO  [TestNG-test=Smoke Tests-1] LoginPage - Login successful, navigating to Home Page
2026-07-25 07:19:39 INFO  [TestNG-test=Smoke Tests-1] LoginTest - Login completed successfully
2026-07-25 07:19:39 INFO  [TestNG-test=Smoke Tests-1] HomePage - Fetching Home page title
2026-07-25 07:19:40 INFO  [TestNG-test=Smoke Tests-1] BasePage - Getting text : Products
2026-07-25 07:19:40 INFO  [TestNG-test=Smoke Tests-1] TestListener - Test Passed : verifyValidLogin
2026-07-25 07:19:40 INFO  [TestNG-test=Smoke Tests-1] BaseTest - Cleaning test execution
2026-07-25 07:19:40 INFO  [TestNG-test=Smoke Tests-1] DriverFactory - Closing browser
2026-07-25 07:19:44 INFO  [TestNG-test=Smoke Tests-1] DriverFactory - Browser closed successfully
2026-07-25 07:19:44 INFO  [TestNG-test=Smoke Tests-1] BaseTest - ========== Test Execution Completed ==========
2026-07-25 07:19:44 INFO  [TestNG-test=Smoke Tests-1] BaseTest - ========== Starting Test : verifyValidLogin ==========
2026-07-25 07:19:44 INFO  [TestNG-test=Smoke Tests-1] DriverFactory - Initializing browser : CHROME
2026-07-25 07:19:46 INFO  [TestNG-test=Smoke Tests-1] DriverFactory - CHROME browser launched successfully
2026-07-25 07:19:46 INFO  [TestNG-test=Smoke Tests-1] BaseTest - Opening application URL : https://www.saucedemo.com/
2026-07-25 07:19:50 INFO  [TestNG-test=Smoke Tests-1] TestListener - Test Started : com.amol.automation.tests.LoginTest.verifyValidLogin
2026-07-25 07:19:50 INFO  [TestNG-test=Smoke Tests-1] ExtentReportManager - Extent Test Created : com.amol.automation.tests.LoginTest.verifyValidLogin
2026-07-25 07:19:50 INFO  [TestNG-test=Smoke Tests-1] LoginTest - Starting Login Test
2026-07-25 07:19:50 INFO  [TestNG-test=Smoke Tests-1] LoginPage - Starting login process
2026-07-25 07:19:50 INFO  [TestNG-test=Smoke Tests-1] LoginPage - Entering username : problem_user
2026-07-25 07:19:50 INFO  [TestNG-test=Smoke Tests-1] BasePage - Entering text : problem_user
2026-07-25 07:19:51 INFO  [TestNG-test=Smoke Tests-1] LoginPage - Entering password
2026-07-25 07:19:51 INFO  [TestNG-test=Smoke Tests-1] BasePage - Entering text : secret_sauce
2026-07-25 07:19:51 INFO  [TestNG-test=Smoke Tests-1] LoginPage - Clicking Login button
2026-07-25 07:19:51 INFO  [TestNG-test=Smoke Tests-1] BasePage - Clicking element : [[ChromeDriver: chrome on windows (b4312d143289f490494b2fdd9fd77f20)] -> id: login-button]
2026-07-25 07:19:52 INFO  [TestNG-test=Smoke Tests-1] LoginPage - Login successful, navigating to Home Page
2026-07-25 07:19:52 INFO  [TestNG-test=Smoke Tests-1] LoginTest - Login completed successfully
2026-07-25 07:19:52 INFO  [TestNG-test=Smoke Tests-1] HomePage - Fetching Home page title
2026-07-25 07:19:52 INFO  [TestNG-test=Smoke Tests-1] BasePage - Getting text : Products
2026-07-25 07:19:52 INFO  [TestNG-test=Smoke Tests-1] TestListener - Test Passed : verifyValidLogin
2026-07-25 07:19:52 INFO  [TestNG-test=Smoke Tests-1] BaseTest - Cleaning test execution
2026-07-25 07:19:52 INFO  [TestNG-test=Smoke Tests-1] DriverFactory - Closing browser
2026-07-25 07:19:52 INFO  [TestNG-test=Smoke Tests-1] DriverFactory - Browser closed successfully
2026-07-25 07:19:52 INFO  [TestNG-test=Smoke Tests-1] BaseTest - ========== Test Execution Completed ==========
2026-07-25 07:19:52 INFO  [TestNG-test=Smoke Tests-1] BaseTest - ========== Starting Test : verifyValidLogin ==========
2026-07-25 07:19:52 INFO  [TestNG-test=Smoke Tests-1] DriverFactory - Initializing browser : CHROME
2026-07-25 07:19:54 INFO  [TestNG-test=Smoke Tests-1] DriverFactory - CHROME browser launched successfully
2026-07-25 07:19:54 INFO  [TestNG-test=Smoke Tests-1] BaseTest - Opening application URL : https://www.saucedemo.com/
2026-07-25 07:19:58 INFO  [TestNG-test=Smoke Tests-1] TestListener - Test Started : com.amol.automation.tests.LoginTest.verifyValidLogin
2026-07-25 07:19:58 INFO  [TestNG-test=Smoke Tests-1] ExtentReportManager - Extent Test Created : com.amol.automation.tests.LoginTest.verifyValidLogin
2026-07-25 07:19:58 INFO  [TestNG-test=Smoke Tests-1] LoginTest - Starting Login Test
2026-07-25 07:19:58 INFO  [TestNG-test=Smoke Tests-1] LoginPage - Starting login process
2026-07-25 07:19:58 INFO  [TestNG-test=Smoke Tests-1] LoginPage - Entering username : locked_out_user
2026-07-25 07:19:58 INFO  [TestNG-test=Smoke Tests-1] BasePage - Entering text : locked_out_user
2026-07-25 07:19:59 INFO  [TestNG-test=Smoke Tests-1] LoginPage - Entering password
2026-07-25 07:19:59 INFO  [TestNG-test=Smoke Tests-1] BasePage - Entering text : secret_sauce
2026-07-25 07:19:59 INFO  [TestNG-test=Smoke Tests-1] LoginPage - Clicking Login button
2026-07-25 07:19:59 INFO  [TestNG-test=Smoke Tests-1] BasePage - Clicking element : [[ChromeDriver: chrome on windows (a8f97fe4b8346f3a5226e355bbd00251)] -> id: login-button]
2026-07-25 07:19:59 INFO  [TestNG-test=Smoke Tests-1] LoginPage - Login successful, navigating to Home Page
2026-07-25 07:19:59 INFO  [TestNG-test=Smoke Tests-1] LoginTest - Login completed successfully
2026-07-25 07:19:59 INFO  [TestNG-test=Smoke Tests-1] HomePage - Fetching Home page title
2026-07-25 07:20:30 ERROR [TestNG-test=Smoke Tests-1] TestListener - Test Failed : verifyValidLogin
2026-07-25 07:20:30 INFO  [TestNG-test=Smoke Tests-1] ScreenshotUtils - Screenshot captured successfully : C:\Users\HP\Desktop\Project\selenium-testng-framework\screenshots\verifyValidLogin_20260725_072030.png
2026-07-25 07:20:30 INFO  [TestNG-test=Smoke Tests-1] BaseTest - Cleaning test execution
2026-07-25 07:20:30 INFO  [TestNG-test=Smoke Tests-1] DriverFactory - Closing browser
2026-07-25 07:20:31 INFO  [TestNG-test=Smoke Tests-1] DriverFactory - Browser closed successfully
2026-07-25 07:20:31 INFO  [TestNG-test=Smoke Tests-1] BaseTest - ========== Test Execution Completed ==========
2026-07-25 07:20:31 INFO  [main] TestListener - ========== Test Execution Completed ==========
2026-07-25 07:20:32 INFO  [main] ExtentReportManager - Extent Report flushed
2026-07-25 07:42:57 INFO  [main] BaseTest - ========== Starting Test : verifyEndToEndPurchaseFlow ==========
2026-07-25 07:42:57 INFO  [main] ConfigReader - Loading config.properties file
2026-07-25 07:42:57 INFO  [main] ConfigReader - Configuration loaded successfully
2026-07-25 07:42:57 INFO  [main] DriverFactory - Initializing browser : CHROME
2026-07-25 07:43:00 INFO  [main] DriverFactory - CHROME browser launched successfully
2026-07-25 07:43:00 INFO  [main] BaseTest - Opening application URL : https://www.saucedemo.com/
2026-07-25 07:43:03 INFO  [main] EndToEndTest - Starting End To End Purchase Flow
2026-07-25 07:43:03 INFO  [main] LoginPage - Starting login process
2026-07-25 07:43:03 INFO  [main] LoginPage - Entering username : standard_user
2026-07-25 07:43:03 INFO  [main] BasePage - Entering text : standard_user
2026-07-25 07:43:04 INFO  [main] LoginPage - Entering password
2026-07-25 07:43:04 INFO  [main] BasePage - Entering text : secret_sauce
2026-07-25 07:43:04 INFO  [main] LoginPage - Clicking Login button
2026-07-25 07:43:04 INFO  [main] BasePage - Clicking element : [[ChromeDriver: chrome on windows (98f471f1e23b5dad573ff254cfb3b6bd)] -> id: login-button]
2026-07-25 07:43:04 INFO  [main] LoginPage - Login successful, navigating to Home Page
2026-07-25 07:43:04 INFO  [main] ProductPage - Getting Products page title
2026-07-25 07:43:04 INFO  [main] BasePage - Getting text : Products
2026-07-25 07:43:04 INFO  [main] ProductPage - Sorting products : az
2026-07-25 07:43:05 INFO  [main] ProductPage - Adding Backpack to cart
2026-07-25 07:43:05 INFO  [main] BasePage - Clicking element : [[ChromeDriver: chrome on windows (98f471f1e23b5dad573ff254cfb3b6bd)] -> id: add-to-cart-sauce-labs-backpack]
2026-07-25 07:43:05 INFO  [main] ProductPage - Adding Bike Light to cart
2026-07-25 07:43:05 INFO  [main] BasePage - Clicking element : [[ChromeDriver: chrome on windows (98f471f1e23b5dad573ff254cfb3b6bd)] -> id: add-to-cart-sauce-labs-bike-light]
2026-07-25 07:43:05 INFO  [main] ProductPage - Getting cart badge count
2026-07-25 07:43:36 INFO  [main] BaseTest - Cleaning test execution
2026-07-25 07:43:36 INFO  [main] DriverFactory - Closing browser
2026-07-25 07:43:36 INFO  [main] DriverFactory - Browser closed successfully
2026-07-25 07:43:36 INFO  [main] BaseTest - ========== Test Execution Completed ==========
2026-07-25 07:46:38 INFO  [main] TestListener - ========== Test Execution Started ==========
2026-07-25 07:46:38 INFO  [main] ExtentReportManager - Extent Report Created : C:\Users\HP\Desktop\Project\selenium-testng-framework\reports\AutomationReport_20260725_074638.html
2026-07-25 07:46:38 INFO  [TestNG-test=Automation Tests-1] BaseTest - ========== Starting Test : verifyEndToEndPurchaseFlow ==========
2026-07-25 07:46:38 INFO  [TestNG-test=Automation Tests-1] ConfigReader - Loading config.properties file
2026-07-25 07:46:38 INFO  [TestNG-test=Automation Tests-2] ExcelUtils - Reading Excel file : src/main/resources/testdata/LoginData.xlsx
2026-07-25 07:46:38 INFO  [TestNG-test=Automation Tests-1] ConfigReader - Configuration loaded successfully
2026-07-25 07:46:38 INFO  [TestNG-test=Automation Tests-1] DriverFactory - Initializing browser : CHROME
2026-07-25 07:46:40 INFO  [TestNG-test=Automation Tests-2] ExcelUtils - Excel data loaded successfully
2026-07-25 07:46:40 INFO  [TestNG-test=Automation Tests-2] BaseTest - ========== Starting Test : verifyValidLogin ==========
2026-07-25 07:46:40 INFO  [TestNG-test=Automation Tests-2] DriverFactory - Initializing browser : CHROME
2026-07-25 07:46:42 INFO  [TestNG-test=Automation Tests-2] DriverFactory - CHROME browser launched successfully
2026-07-25 07:46:42 INFO  [TestNG-test=Automation Tests-2] BaseTest - Opening application URL : https://www.saucedemo.com/
2026-07-25 07:46:42 INFO  [TestNG-test=Automation Tests-1] DriverFactory - CHROME browser launched successfully
2026-07-25 07:46:42 INFO  [TestNG-test=Automation Tests-1] BaseTest - Opening application URL : https://www.saucedemo.com/
2026-07-25 07:46:45 INFO  [TestNG-test=Automation Tests-2] TestListener - Test Started : com.amol.automation.tests.LoginTest.verifyValidLogin
2026-07-25 07:46:45 INFO  [TestNG-test=Automation Tests-2] ExtentReportManager - Extent Test Created : com.amol.automation.tests.LoginTest.verifyValidLogin
2026-07-25 07:46:45 INFO  [TestNG-test=Automation Tests-2] LoginTest - Starting Login Test
2026-07-25 07:46:46 INFO  [TestNG-test=Automation Tests-2] LoginPage - Starting login process
2026-07-25 07:46:46 INFO  [TestNG-test=Automation Tests-2] LoginPage - Entering username : standard_user
2026-07-25 07:46:46 INFO  [TestNG-test=Automation Tests-2] BasePage - Entering text : standard_user
2026-07-25 07:46:46 INFO  [TestNG-test=Automation Tests-1] TestListener - Test Started : com.amol.automation.tests.EndToEndTest.verifyEndToEndPurchaseFlow
2026-07-25 07:46:46 INFO  [TestNG-test=Automation Tests-1] ExtentReportManager - Extent Test Created : com.amol.automation.tests.EndToEndTest.verifyEndToEndPurchaseFlow
2026-07-25 07:46:46 INFO  [TestNG-test=Automation Tests-1] EndToEndTest - Starting End To End Purchase Flow
2026-07-25 07:46:46 INFO  [TestNG-test=Automation Tests-1] LoginPage - Starting login process
2026-07-25 07:46:46 INFO  [TestNG-test=Automation Tests-1] LoginPage - Entering username : standard_user
2026-07-25 07:46:46 INFO  [TestNG-test=Automation Tests-1] BasePage - Entering text : standard_user
2026-07-25 07:46:47 INFO  [TestNG-test=Automation Tests-1] LoginPage - Entering password
2026-07-25 07:46:47 INFO  [TestNG-test=Automation Tests-1] BasePage - Entering text : secret_sauce
2026-07-25 07:46:47 INFO  [TestNG-test=Automation Tests-1] LoginPage - Clicking Login button
2026-07-25 07:46:47 INFO  [TestNG-test=Automation Tests-1] BasePage - Clicking element : [[ChromeDriver: chrome on windows (54c5e8215c255539ad009cf318e755a0)] -> id: login-button]
2026-07-25 07:46:47 INFO  [TestNG-test=Automation Tests-2] LoginPage - Entering password
2026-07-25 07:46:47 INFO  [TestNG-test=Automation Tests-2] BasePage - Entering text : secret_sauce
2026-07-25 07:46:47 INFO  [TestNG-test=Automation Tests-2] LoginPage - Clicking Login button
2026-07-25 07:46:47 INFO  [TestNG-test=Automation Tests-2] BasePage - Clicking element : [[ChromeDriver: chrome on windows (f9a8228524c432bf0d95935b9899d5ba)] -> id: login-button]
2026-07-25 07:46:47 INFO  [TestNG-test=Automation Tests-1] LoginPage - Login successful, navigating to Home Page
2026-07-25 07:46:47 INFO  [TestNG-test=Automation Tests-1] ProductPage - Getting Products page title
2026-07-25 07:46:48 INFO  [TestNG-test=Automation Tests-1] BasePage - Getting text : Products
2026-07-25 07:46:48 INFO  [TestNG-test=Automation Tests-1] ProductPage - Sorting products : az
2026-07-25 07:46:48 INFO  [TestNG-test=Automation Tests-2] LoginPage - Login successful, navigating to Home Page
2026-07-25 07:46:48 INFO  [TestNG-test=Automation Tests-2] LoginTest - Login completed successfully
2026-07-25 07:46:48 INFO  [TestNG-test=Automation Tests-2] HomePage - Fetching Home page title
2026-07-25 07:46:48 INFO  [TestNG-test=Automation Tests-2] BasePage - Getting text : Products
2026-07-25 07:46:48 INFO  [TestNG-test=Automation Tests-2] TestListener - Test Passed : verifyValidLogin
2026-07-25 07:46:48 INFO  [TestNG-test=Automation Tests-2] BaseTest - Cleaning test execution
2026-07-25 07:46:48 INFO  [TestNG-test=Automation Tests-2] DriverFactory - Closing browser
2026-07-25 07:46:48 INFO  [TestNG-test=Automation Tests-1] ProductPage - Adding Backpack to cart
2026-07-25 07:46:48 INFO  [TestNG-test=Automation Tests-1] BasePage - Clicking element : [[ChromeDriver: chrome on windows (54c5e8215c255539ad009cf318e755a0)] -> id: add-to-cart-sauce-labs-backpack]
2026-07-25 07:46:48 INFO  [TestNG-test=Automation Tests-1] ProductPage - Adding Bike Light to cart
2026-07-25 07:46:48 INFO  [TestNG-test=Automation Tests-1] BasePage - Clicking element : [[ChromeDriver: chrome on windows (54c5e8215c255539ad009cf318e755a0)] -> id: add-to-cart-sauce-labs-bike-light]
2026-07-25 07:46:48 INFO  [TestNG-test=Automation Tests-2] DriverFactory - Browser closed successfully
2026-07-25 07:46:48 INFO  [TestNG-test=Automation Tests-2] BaseTest - ========== Test Execution Completed ==========
2026-07-25 07:46:48 INFO  [TestNG-test=Automation Tests-2] BaseTest - ========== Starting Test : verifyValidLogin ==========
2026-07-25 07:46:48 INFO  [TestNG-test=Automation Tests-2] DriverFactory - Initializing browser : CHROME
2026-07-25 07:46:49 INFO  [TestNG-test=Automation Tests-1] ProductPage - Getting cart badge count
2026-07-25 07:46:50 INFO  [TestNG-test=Automation Tests-2] DriverFactory - CHROME browser launched successfully
2026-07-25 07:46:50 INFO  [TestNG-test=Automation Tests-2] BaseTest - Opening application URL : https://www.saucedemo.com/
2026-07-25 07:46:52 INFO  [TestNG-test=Automation Tests-2] TestListener - Test Started : com.amol.automation.tests.LoginTest.verifyValidLogin
2026-07-25 07:46:52 INFO  [TestNG-test=Automation Tests-2] ExtentReportManager - Extent Test Created : com.amol.automation.tests.LoginTest.verifyValidLogin
2026-07-25 07:46:52 INFO  [TestNG-test=Automation Tests-2] LoginTest - Starting Login Test
2026-07-25 07:46:52 INFO  [TestNG-test=Automation Tests-2] LoginPage - Starting login process
2026-07-25 07:46:52 INFO  [TestNG-test=Automation Tests-2] LoginPage - Entering username : problem_user
2026-07-25 07:46:52 INFO  [TestNG-test=Automation Tests-2] BasePage - Entering text : problem_user
2026-07-25 07:46:53 INFO  [TestNG-test=Automation Tests-2] LoginPage - Entering password
2026-07-25 07:46:53 INFO  [TestNG-test=Automation Tests-2] BasePage - Entering text : secret_sauce
2026-07-25 07:46:53 INFO  [TestNG-test=Automation Tests-2] LoginPage - Clicking Login button
2026-07-25 07:46:53 INFO  [TestNG-test=Automation Tests-2] BasePage - Clicking element : [[ChromeDriver: chrome on windows (0b29133bd031e59d397b6a35209c1bb3)] -> id: login-button]
2026-07-25 07:46:54 INFO  [TestNG-test=Automation Tests-2] LoginPage - Login successful, navigating to Home Page
2026-07-25 07:46:54 INFO  [TestNG-test=Automation Tests-2] LoginTest - Login completed successfully
2026-07-25 07:46:54 INFO  [TestNG-test=Automation Tests-2] HomePage - Fetching Home page title
2026-07-25 07:46:54 INFO  [TestNG-test=Automation Tests-2] BasePage - Getting text : Products
2026-07-25 07:46:54 INFO  [TestNG-test=Automation Tests-2] TestListener - Test Passed : verifyValidLogin
2026-07-25 07:46:54 INFO  [TestNG-test=Automation Tests-2] BaseTest - Cleaning test execution
2026-07-25 07:46:54 INFO  [TestNG-test=Automation Tests-2] DriverFactory - Closing browser
2026-07-25 07:46:54 INFO  [TestNG-test=Automation Tests-2] DriverFactory - Browser closed successfully
2026-07-25 07:46:54 INFO  [TestNG-test=Automation Tests-2] BaseTest - ========== Test Execution Completed ==========
2026-07-25 07:46:54 INFO  [TestNG-test=Automation Tests-2] BaseTest - ========== Starting Test : verifyValidLogin ==========
2026-07-25 07:46:54 INFO  [TestNG-test=Automation Tests-2] DriverFactory - Initializing browser : CHROME
2026-07-25 07:46:56 INFO  [TestNG-test=Automation Tests-2] DriverFactory - CHROME browser launched successfully
2026-07-25 07:46:56 INFO  [TestNG-test=Automation Tests-2] BaseTest - Opening application URL : https://www.saucedemo.com/
2026-07-25 07:46:59 INFO  [TestNG-test=Automation Tests-2] TestListener - Test Started : com.amol.automation.tests.LoginTest.verifyValidLogin
2026-07-25 07:46:59 INFO  [TestNG-test=Automation Tests-2] ExtentReportManager - Extent Test Created : com.amol.automation.tests.LoginTest.verifyValidLogin
2026-07-25 07:46:59 INFO  [TestNG-test=Automation Tests-2] LoginTest - Starting Login Test
2026-07-25 07:46:59 INFO  [TestNG-test=Automation Tests-2] LoginPage - Starting login process
2026-07-25 07:46:59 INFO  [TestNG-test=Automation Tests-2] LoginPage - Entering username : locked_out_user
2026-07-25 07:46:59 INFO  [TestNG-test=Automation Tests-2] BasePage - Entering text : locked_out_user
2026-07-25 07:46:59 INFO  [TestNG-test=Automation Tests-2] LoginPage - Entering password
2026-07-25 07:46:59 INFO  [TestNG-test=Automation Tests-2] BasePage - Entering text : secret_sauce
2026-07-25 07:47:00 INFO  [TestNG-test=Automation Tests-2] LoginPage - Clicking Login button
2026-07-25 07:47:00 INFO  [TestNG-test=Automation Tests-2] BasePage - Clicking element : [[ChromeDriver: chrome on windows (2a85fb8b14471a6046c5e06a71b112cb)] -> id: login-button]
2026-07-25 07:47:00 INFO  [TestNG-test=Automation Tests-2] LoginPage - Login successful, navigating to Home Page
2026-07-25 07:47:00 INFO  [TestNG-test=Automation Tests-2] LoginTest - Login completed successfully
2026-07-25 07:47:00 INFO  [TestNG-test=Automation Tests-2] HomePage - Fetching Home page title
2026-07-25 07:47:19 ERROR [TestNG-test=Automation Tests-1] TestListener - Test Failed : verifyEndToEndPurchaseFlow
2026-07-25 07:47:20 INFO  [TestNG-test=Automation Tests-1] ScreenshotUtils - Screenshot captured successfully : C:\Users\HP\Desktop\Project\selenium-testng-framework\screenshots\verifyEndToEndPurchaseFlow_20260725_074719.png
2026-07-25 07:47:20 INFO  [TestNG-test=Automation Tests-1] BaseTest - Cleaning test execution
2026-07-25 07:47:20 INFO  [TestNG-test=Automation Tests-1] DriverFactory - Closing browser
2026-07-25 07:47:20 INFO  [TestNG-test=Automation Tests-1] DriverFactory - Browser closed successfully
2026-07-25 07:47:20 INFO  [TestNG-test=Automation Tests-1] BaseTest - ========== Test Execution Completed ==========
2026-07-25 07:47:31 ERROR [TestNG-test=Automation Tests-2] TestListener - Test Failed : verifyValidLogin
2026-07-25 07:47:31 INFO  [TestNG-test=Automation Tests-2] ScreenshotUtils - Screenshot captured successfully : C:\Users\HP\Desktop\Project\selenium-testng-framework\screenshots\verifyValidLogin_20260725_074731.png
2026-07-25 07:47:31 INFO  [TestNG-test=Automation Tests-2] BaseTest - Cleaning test execution
2026-07-25 07:47:31 INFO  [TestNG-test=Automation Tests-2] DriverFactory - Closing browser
2026-07-25 07:47:31 INFO  [TestNG-test=Automation Tests-2] DriverFactory - Browser closed successfully
2026-07-25 07:47:31 INFO  [TestNG-test=Automation Tests-2] BaseTest - ========== Test Execution Completed ==========
2026-07-25 07:47:31 INFO  [main] TestListener - ========== Test Execution Completed ==========
2026-07-25 07:47:32 INFO  [main] ExtentReportManager - Extent Report flushed
2026-07-25 07:54:55 INFO  [main] TestListener - ========== Test Execution Started ==========
2026-07-25 07:54:55 INFO  [main] ExtentReportManager - Extent Report Created : C:\Users\HP\Desktop\Project\selenium-testng-framework\reports\AutomationReport_20260725_075455.html
2026-07-25 07:54:55 INFO  [TestNG-test=End To End Test-1] BaseTest - ========== Starting Test : verifyEndToEndPurchaseFlow ==========
2026-07-25 07:54:55 INFO  [TestNG-test=End To End Test-1] ConfigReader - Loading config.properties file
2026-07-25 07:54:55 INFO  [TestNG-test=End To End Test-1] ConfigReader - Configuration loaded successfully
2026-07-25 07:54:55 INFO  [TestNG-test=End To End Test-1] DriverFactory - Initializing browser : CHROME
2026-07-25 07:54:57 INFO  [TestNG-test=End To End Test-1] DriverFactory - CHROME browser launched successfully
2026-07-25 07:54:57 INFO  [TestNG-test=End To End Test-1] BaseTest - Opening application URL : https://www.saucedemo.com/
2026-07-25 07:55:01 INFO  [TestNG-test=End To End Test-1] TestListener - Test Started : com.amol.automation.tests.EndToEndTest.verifyEndToEndPurchaseFlow
2026-07-25 07:55:01 INFO  [TestNG-test=End To End Test-1] ExtentReportManager - Extent Test Created : com.amol.automation.tests.EndToEndTest.verifyEndToEndPurchaseFlow
2026-07-25 07:55:01 INFO  [TestNG-test=End To End Test-1] EndToEndTest - Starting End To End Purchase Flow
2026-07-25 07:55:01 INFO  [TestNG-test=End To End Test-1] LoginPage - Starting login process
2026-07-25 07:55:01 INFO  [TestNG-test=End To End Test-1] LoginPage - Entering username : standard_user
2026-07-25 07:55:01 INFO  [TestNG-test=End To End Test-1] BasePage - Entering text : standard_user
2026-07-25 07:55:01 INFO  [TestNG-test=End To End Test-1] LoginPage - Entering password
2026-07-25 07:55:01 INFO  [TestNG-test=End To End Test-1] BasePage - Entering text : secret_sauce
2026-07-25 07:55:01 INFO  [TestNG-test=End To End Test-1] LoginPage - Clicking Login button
2026-07-25 07:55:01 INFO  [TestNG-test=End To End Test-1] BasePage - Clicking element : [[ChromeDriver: chrome on windows (4b087bf6050bc2695fba291d78328902)] -> id: login-button]
2026-07-25 07:55:02 INFO  [TestNG-test=End To End Test-1] LoginPage - Login successful, navigating to Home Page
2026-07-25 07:55:02 INFO  [TestNG-test=End To End Test-1] ProductPage - Getting Products page title
2026-07-25 07:55:02 INFO  [TestNG-test=End To End Test-1] BasePage - Getting text : Products
2026-07-25 07:55:02 INFO  [TestNG-test=End To End Test-1] ProductPage - Sorting products : az
2026-07-25 07:55:02 INFO  [TestNG-test=End To End Test-1] ProductPage - Adding Backpack to cart
2026-07-25 07:55:02 INFO  [TestNG-test=End To End Test-1] BasePage - Clicking element : [[ChromeDriver: chrome on windows (4b087bf6050bc2695fba291d78328902)] -> id: add-to-cart-sauce-labs-backpack]
2026-07-25 07:55:02 INFO  [TestNG-test=End To End Test-1] ProductPage - Adding Bike Light to cart
2026-07-25 07:55:02 INFO  [TestNG-test=End To End Test-1] BasePage - Clicking element : [[ChromeDriver: chrome on windows (4b087bf6050bc2695fba291d78328902)] -> id: add-to-cart-sauce-labs-bike-light]
2026-07-25 07:55:02 INFO  [TestNG-test=End To End Test-1] ProductPage - Getting cart badge count
2026-07-25 07:55:02 INFO  [TestNG-test=End To End Test-1] BasePage - Getting text : 1
2026-07-25 07:55:02 ERROR [TestNG-test=End To End Test-1] TestListener - Test Failed : verifyEndToEndPurchaseFlow
2026-07-25 07:55:02 INFO  [TestNG-test=End To End Test-1] ScreenshotUtils - Screenshot captured successfully : C:\Users\HP\Desktop\Project\selenium-testng-framework\screenshots\verifyEndToEndPurchaseFlow_20260725_075502.png
2026-07-25 07:55:02 INFO  [TestNG-test=End To End Test-1] BaseTest - Cleaning test execution
2026-07-25 07:55:02 INFO  [TestNG-test=End To End Test-1] DriverFactory - Closing browser
2026-07-25 07:55:03 INFO  [TestNG-test=End To End Test-1] DriverFactory - Browser closed successfully
2026-07-25 07:55:03 INFO  [TestNG-test=End To End Test-1] BaseTest - ========== Test Execution Completed ==========
2026-07-25 07:55:03 INFO  [main] TestListener - ========== Test Execution Completed ==========
2026-07-25 07:55:03 INFO  [main] ExtentReportManager - Extent Report flushed
2026-07-25 08:00:17 INFO  [main] TestListener - ========== Test Execution Started ==========
2026-07-25 08:00:17 INFO  [main] ExtentReportManager - Extent Report Created : C:\Users\HP\Desktop\Project\selenium-testng-framework\reports\AutomationReport_20260725_080017.html
2026-07-25 08:00:17 INFO  [TestNG-test=End To End Test-1] BaseTest - ========== Starting Test : verifyEndToEndPurchaseFlow ==========
2026-07-25 08:00:17 INFO  [TestNG-test=End To End Test-1] ConfigReader - Loading config.properties file
2026-07-25 08:00:17 INFO  [TestNG-test=End To End Test-1] ConfigReader - Configuration loaded successfully
2026-07-25 08:00:17 INFO  [TestNG-test=End To End Test-1] DriverFactory - Initializing browser : CHROME
2026-07-25 08:00:19 INFO  [TestNG-test=End To End Test-1] DriverFactory - CHROME browser launched successfully
2026-07-25 08:00:19 INFO  [TestNG-test=End To End Test-1] BaseTest - Opening application URL : https://www.saucedemo.com/
2026-07-25 08:00:22 INFO  [TestNG-test=End To End Test-1] TestListener - Test Started : com.amol.automation.tests.EndToEndTest.verifyEndToEndPurchaseFlow
2026-07-25 08:00:22 INFO  [TestNG-test=End To End Test-1] ExtentReportManager - Extent Test Created : com.amol.automation.tests.EndToEndTest.verifyEndToEndPurchaseFlow
2026-07-25 08:00:22 INFO  [TestNG-test=End To End Test-1] EndToEndTest - Starting End To End Purchase Flow
2026-07-25 08:00:22 INFO  [TestNG-test=End To End Test-1] LoginPage - Starting login process
2026-07-25 08:00:22 INFO  [TestNG-test=End To End Test-1] LoginPage - Entering username : standard_user
2026-07-25 08:00:22 INFO  [TestNG-test=End To End Test-1] BasePage - Entering text : standard_user
2026-07-25 08:00:22 INFO  [TestNG-test=End To End Test-1] LoginPage - Entering password
2026-07-25 08:00:22 INFO  [TestNG-test=End To End Test-1] BasePage - Entering text : secret_sauce
2026-07-25 08:00:23 INFO  [TestNG-test=End To End Test-1] LoginPage - Clicking Login button
2026-07-25 08:00:23 INFO  [TestNG-test=End To End Test-1] BasePage - Clicking element : [[ChromeDriver: chrome on windows (fca573f9f6d7914ae025783eeaac0a49)] -> id: login-button]
2026-07-25 08:00:23 INFO  [TestNG-test=End To End Test-1] LoginPage - Login successful, navigating to Home Page
2026-07-25 08:00:23 INFO  [TestNG-test=End To End Test-1] BasePage - Getting text : Products
2026-07-25 08:00:23 INFO  [TestNG-test=End To End Test-1] ProductPage - Sorting products : az
2026-07-25 08:00:23 INFO  [TestNG-test=End To End Test-1] ProductPage - Adding Backpack
2026-07-25 08:00:23 INFO  [TestNG-test=End To End Test-1] ProductPage - Adding Bike Light
2026-07-25 08:00:23 INFO  [TestNG-test=End To End Test-1] BasePage - Getting text : 1
2026-07-25 08:00:23 ERROR [TestNG-test=End To End Test-1] TestListener - Test Failed : verifyEndToEndPurchaseFlow
2026-07-25 08:00:23 INFO  [TestNG-test=End To End Test-1] ScreenshotUtils - Screenshot captured successfully : C:\Users\HP\Desktop\Project\selenium-testng-framework\screenshots\verifyEndToEndPurchaseFlow_20260725_080023.png
2026-07-25 08:00:23 INFO  [TestNG-test=End To End Test-1] BaseTest - Cleaning test execution
2026-07-25 08:00:23 INFO  [TestNG-test=End To End Test-1] DriverFactory - Closing browser
2026-07-25 08:00:24 INFO  [TestNG-test=End To End Test-1] DriverFactory - Browser closed successfully
2026-07-25 08:00:24 INFO  [TestNG-test=End To End Test-1] BaseTest - ========== Test Execution Completed ==========
2026-07-25 08:00:24 INFO  [main] TestListener - ========== Test Execution Completed ==========
2026-07-25 08:00:24 INFO  [main] ExtentReportManager - Extent Report flushed
2026-07-25 08:02:22 INFO  [main] TestListener - ========== Test Execution Started ==========
2026-07-25 08:02:22 INFO  [main] ExtentReportManager - Extent Report Created : C:\Users\HP\Desktop\Project\selenium-testng-framework\reports\AutomationReport_20260725_080222.html
2026-07-25 08:02:22 INFO  [TestNG-test=End To End Test-1] BaseTest - ========== Starting Test : verifyEndToEndPurchaseFlow ==========
2026-07-25 08:02:22 INFO  [TestNG-test=End To End Test-1] ConfigReader - Loading config.properties file
2026-07-25 08:02:22 INFO  [TestNG-test=End To End Test-1] ConfigReader - Configuration loaded successfully
2026-07-25 08:02:22 INFO  [TestNG-test=End To End Test-1] DriverFactory - Initializing browser : CHROME
2026-07-25 08:02:24 INFO  [TestNG-test=End To End Test-1] DriverFactory - CHROME browser launched successfully
2026-07-25 08:02:24 INFO  [TestNG-test=End To End Test-1] BaseTest - Opening application URL : https://www.saucedemo.com/
2026-07-25 08:02:27 INFO  [TestNG-test=End To End Test-1] TestListener - Test Started : com.amol.automation.tests.EndToEndTest.verifyEndToEndPurchaseFlow
2026-07-25 08:02:27 INFO  [TestNG-test=End To End Test-1] ExtentReportManager - Extent Test Created : com.amol.automation.tests.EndToEndTest.verifyEndToEndPurchaseFlow
2026-07-25 08:02:27 INFO  [TestNG-test=End To End Test-1] EndToEndTest - Starting End To End Purchase Flow
2026-07-25 08:02:27 INFO  [TestNG-test=End To End Test-1] LoginPage - Starting login process
2026-07-25 08:02:27 INFO  [TestNG-test=End To End Test-1] LoginPage - Entering username : standard_user
2026-07-25 08:02:27 INFO  [TestNG-test=End To End Test-1] BasePage - Entering text : standard_user
2026-07-25 08:02:27 INFO  [TestNG-test=End To End Test-1] LoginPage - Entering password
2026-07-25 08:02:27 INFO  [TestNG-test=End To End Test-1] BasePage - Entering text : secret_sauce
2026-07-25 08:02:27 INFO  [TestNG-test=End To End Test-1] LoginPage - Clicking Login button
2026-07-25 08:02:27 INFO  [TestNG-test=End To End Test-1] BasePage - Clicking element : [[ChromeDriver: chrome on windows (9a7650921d68988085579f98b92f0848)] -> id: login-button]
2026-07-25 08:02:27 INFO  [TestNG-test=End To End Test-1] LoginPage - Login successful, navigating to Home Page
2026-07-25 08:02:27 INFO  [TestNG-test=End To End Test-1] BasePage - Getting text : Products
2026-07-25 08:02:27 INFO  [TestNG-test=End To End Test-1] ProductPage - Sorting products : az
2026-07-25 08:02:28 ERROR [TestNG-test=End To End Test-1] TestListener - Test Failed : verifyEndToEndPurchaseFlow
2026-07-25 08:02:28 INFO  [TestNG-test=End To End Test-1] ScreenshotUtils - Screenshot captured successfully : C:\Users\HP\Desktop\Project\selenium-testng-framework\screenshots\verifyEndToEndPurchaseFlow_20260725_080228.png
2026-07-25 08:02:28 INFO  [TestNG-test=End To End Test-1] BaseTest - Cleaning test execution
2026-07-25 08:02:28 INFO  [TestNG-test=End To End Test-1] DriverFactory - Closing browser
2026-07-25 08:02:28 INFO  [TestNG-test=End To End Test-1] DriverFactory - Browser closed successfully
2026-07-25 08:02:28 INFO  [TestNG-test=End To End Test-1] BaseTest - ========== Test Execution Completed ==========
2026-07-25 08:02:28 INFO  [main] TestListener - ========== Test Execution Completed ==========
2026-07-25 08:02:29 INFO  [main] ExtentReportManager - Extent Report flushed
2026-07-25 08:05:16 INFO  [main] BaseTest - ========== Starting Test : verifyEndToEndPurchaseFlow ==========
2026-07-25 08:05:16 INFO  [main] ConfigReader - Loading config.properties file
2026-07-25 08:05:16 INFO  [main] ConfigReader - Configuration loaded successfully
2026-07-25 08:05:16 INFO  [main] DriverFactory - Initializing browser : CHROME
2026-07-25 08:05:18 INFO  [main] DriverFactory - CHROME browser launched successfully
2026-07-25 08:05:18 INFO  [main] BaseTest - Opening application URL : https://www.saucedemo.com/
2026-07-25 08:05:20 INFO  [main] EndToEndTest - ===== End To End Purchase Started =====
2026-07-25 08:05:21 INFO  [main] LoginPage - Starting login process
2026-07-25 08:05:21 INFO  [main] LoginPage - Entering username : standard_user
2026-07-25 08:05:21 INFO  [main] BasePage - Entering text : standard_user
2026-07-25 08:05:21 INFO  [main] LoginPage - Entering password
2026-07-25 08:05:21 INFO  [main] BasePage - Entering text : secret_sauce
2026-07-25 08:05:21 INFO  [main] LoginPage - Clicking Login button
2026-07-25 08:05:21 INFO  [main] BasePage - Clicking element : [[ChromeDriver: chrome on windows (3058f9ae0aa53ae57af18ac384d40937)] -> id: login-button]
2026-07-25 08:05:21 INFO  [main] LoginPage - Login successful, navigating to Home Page
2026-07-25 08:05:21 INFO  [main] BasePage - Getting text : Products
2026-07-25 08:05:22 INFO  [main] CartPage - Getting Cart page title
2026-07-25 08:05:22 INFO  [main] BasePage - Getting text : Products
2026-07-25 08:05:22 INFO  [main] BaseTest - Cleaning test execution
2026-07-25 08:05:22 INFO  [main] DriverFactory - Closing browser
2026-07-25 08:05:22 INFO  [main] DriverFactory - Browser closed successfully
2026-07-25 08:05:22 INFO  [main] BaseTest - ========== Test Execution Completed ==========
2026-07-25 08:08:02 INFO  [main] TestListener - ========== Test Execution Started ==========
2026-07-25 08:08:03 INFO  [main] ExtentReportManager - Extent Report Created : C:\Users\HP\Desktop\Project\selenium-testng-framework\reports\AutomationReport_20260725_080802.html
2026-07-25 08:08:03 INFO  [TestNG-test=End To End Test-1] BaseTest - ========== Starting Test : verifyEndToEndPurchaseFlow ==========
2026-07-25 08:08:03 INFO  [TestNG-test=End To End Test-1] ConfigReader - Loading config.properties file
2026-07-25 08:08:03 INFO  [TestNG-test=End To End Test-1] ConfigReader - Configuration loaded successfully
2026-07-25 08:08:03 INFO  [TestNG-test=End To End Test-1] DriverFactory - Initializing browser : CHROME
2026-07-25 08:08:05 INFO  [TestNG-test=End To End Test-1] DriverFactory - CHROME browser launched successfully
2026-07-25 08:08:05 INFO  [TestNG-test=End To End Test-1] BaseTest - Opening application URL : https://www.saucedemo.com/
2026-07-25 08:08:07 INFO  [TestNG-test=End To End Test-1] TestListener - Test Started : com.amol.automation.tests.EndToEndTest.verifyEndToEndPurchaseFlow
2026-07-25 08:08:07 INFO  [TestNG-test=End To End Test-1] ExtentReportManager - Extent Test Created : com.amol.automation.tests.EndToEndTest.verifyEndToEndPurchaseFlow
2026-07-25 08:08:07 INFO  [TestNG-test=End To End Test-1] EndToEndTest - ===== End To End Purchase Started =====
2026-07-25 08:08:08 INFO  [TestNG-test=End To End Test-1] LoginPage - Starting login process
2026-07-25 08:08:08 INFO  [TestNG-test=End To End Test-1] LoginPage - Entering username : standard_user
2026-07-25 08:08:08 INFO  [TestNG-test=End To End Test-1] BasePage - Entering text : standard_user
2026-07-25 08:08:08 INFO  [TestNG-test=End To End Test-1] LoginPage - Entering password
2026-07-25 08:08:08 INFO  [TestNG-test=End To End Test-1] BasePage - Entering text : secret_sauce
2026-07-25 08:08:08 INFO  [TestNG-test=End To End Test-1] LoginPage - Clicking Login button
2026-07-25 08:08:08 INFO  [TestNG-test=End To End Test-1] BasePage - Clicking element : [[ChromeDriver: chrome on windows (7bb32c31600bb201d5eaf6f6ffd8ee0a)] -> id: login-button]
2026-07-25 08:08:08 INFO  [TestNG-test=End To End Test-1] LoginPage - Login successful, navigating to Home Page
2026-07-25 08:08:08 INFO  [TestNG-test=End To End Test-1] BasePage - Getting text : Products
2026-07-25 08:08:09 INFO  [TestNG-test=End To End Test-1] CartPage - Getting Cart page title
2026-07-25 08:08:09 INFO  [TestNG-test=End To End Test-1] BasePage - Getting text : Products
2026-07-25 08:08:09 ERROR [TestNG-test=End To End Test-1] TestListener - Test Failed : verifyEndToEndPurchaseFlow
2026-07-25 08:08:09 INFO  [TestNG-test=End To End Test-1] ScreenshotUtils - Screenshot captured successfully : C:\Users\HP\Desktop\Project\selenium-testng-framework\screenshots\verifyEndToEndPurchaseFlow_20260725_080809.png
2026-07-25 08:08:09 INFO  [TestNG-test=End To End Test-1] BaseTest - Cleaning test execution
2026-07-25 08:08:09 INFO  [TestNG-test=End To End Test-1] DriverFactory - Closing browser
2026-07-25 08:08:09 INFO  [TestNG-test=End To End Test-1] DriverFactory - Browser closed successfully
2026-07-25 08:08:09 INFO  [TestNG-test=End To End Test-1] BaseTest - ========== Test Execution Completed ==========
2026-07-25 08:08:09 INFO  [main] TestListener - ========== Test Execution Completed ==========
2026-07-25 08:08:09 INFO  [main] ExtentReportManager - Extent Report flushed
2026-07-25 08:11:05 INFO  [main] TestListener - ========== Test Execution Started ==========
2026-07-25 08:11:05 INFO  [main] ExtentReportManager - Extent Report Created : C:\Users\HP\Desktop\Project\selenium-testng-framework\reports\AutomationReport_20260725_081105.html
2026-07-25 08:11:05 INFO  [TestNG-test=End To End Test-1] BaseTest - ========== Starting Test : verifyEndToEndPurchaseFlow ==========
2026-07-25 08:11:05 INFO  [TestNG-test=End To End Test-1] ConfigReader - Loading config.properties file
2026-07-25 08:11:05 INFO  [TestNG-test=End To End Test-1] ConfigReader - Configuration loaded successfully
2026-07-25 08:11:05 INFO  [TestNG-test=End To End Test-1] DriverFactory - Initializing browser : CHROME
2026-07-25 08:11:07 INFO  [TestNG-test=End To End Test-1] DriverFactory - CHROME browser launched successfully
2026-07-25 08:11:07 INFO  [TestNG-test=End To End Test-1] BaseTest - Opening application URL : https://www.saucedemo.com/
2026-07-25 08:11:10 INFO  [TestNG-test=End To End Test-1] TestListener - Test Started : com.amol.automation.tests.EndToEndTest.verifyEndToEndPurchaseFlow
2026-07-25 08:11:10 INFO  [TestNG-test=End To End Test-1] ExtentReportManager - Extent Test Created : com.amol.automation.tests.EndToEndTest.verifyEndToEndPurchaseFlow
2026-07-25 08:11:10 INFO  [TestNG-test=End To End Test-1] EndToEndTest - ===== End To End Purchase Started =====
2026-07-25 08:11:10 INFO  [TestNG-test=End To End Test-1] LoginPage - Starting login process
2026-07-25 08:11:10 INFO  [TestNG-test=End To End Test-1] LoginPage - Entering username : standard_user
2026-07-25 08:11:10 INFO  [TestNG-test=End To End Test-1] BasePage - Entering text : standard_user
2026-07-25 08:11:11 INFO  [TestNG-test=End To End Test-1] LoginPage - Entering password
2026-07-25 08:11:11 INFO  [TestNG-test=End To End Test-1] BasePage - Entering text : secret_sauce
2026-07-25 08:11:11 INFO  [TestNG-test=End To End Test-1] LoginPage - Clicking Login button
2026-07-25 08:11:11 INFO  [TestNG-test=End To End Test-1] BasePage - Clicking element : [[ChromeDriver: chrome on windows (12dd1d497bc5dc3ee6485648afad5d90)] -> id: login-button]
2026-07-25 08:11:11 INFO  [TestNG-test=End To End Test-1] LoginPage - Login successful, navigating to Home Page
2026-07-25 08:11:11 INFO  [TestNG-test=End To End Test-1] BasePage - Getting text : Products
2026-07-25 08:11:11 INFO  [TestNG-test=End To End Test-1] CartPage - Getting Cart page title
2026-07-25 08:11:11 INFO  [TestNG-test=End To End Test-1] BasePage - Getting text : Products
2026-07-25 08:11:11 ERROR [TestNG-test=End To End Test-1] TestListener - Test Failed : verifyEndToEndPurchaseFlow
2026-07-25 08:11:12 INFO  [TestNG-test=End To End Test-1] ScreenshotUtils - Screenshot captured successfully : C:\Users\HP\Desktop\Project\selenium-testng-framework\screenshots\verifyEndToEndPurchaseFlow_20260725_081111.png
2026-07-25 08:11:12 INFO  [TestNG-test=End To End Test-1] BaseTest - Cleaning test execution
2026-07-25 08:11:12 INFO  [TestNG-test=End To End Test-1] DriverFactory - Closing browser
2026-07-25 08:11:12 INFO  [TestNG-test=End To End Test-1] DriverFactory - Browser closed successfully
2026-07-25 08:11:12 INFO  [TestNG-test=End To End Test-1] BaseTest - ========== Test Execution Completed ==========
2026-07-25 08:11:12 INFO  [main] TestListener - ========== Test Execution Completed ==========
2026-07-25 08:11:12 INFO  [main] ExtentReportManager - Extent Report flushed
2026-07-25 08:22:52 INFO  [main] TestListener - ========== Test Execution Started ==========
2026-07-25 08:22:52 INFO  [main] ExtentReportManager - Extent Report Created : C:\Users\HP\Desktop\Project\selenium-testng-framework\reports\AutomationReport_20260725_082252.html
2026-07-25 08:22:52 INFO  [TestNG-test=End To End Test-1] BaseTest - ========== Starting Test : verifyEndToEndPurchaseFlow ==========
2026-07-25 08:22:52 INFO  [TestNG-test=End To End Test-1] ConfigReader - Loading config.properties file
2026-07-25 08:22:52 INFO  [TestNG-test=End To End Test-1] ConfigReader - Configuration loaded successfully
2026-07-25 08:22:52 INFO  [TestNG-test=End To End Test-1] DriverFactory - Initializing browser : CHROME
2026-07-25 08:22:55 INFO  [TestNG-test=End To End Test-1] DriverFactory - CHROME browser launched successfully
2026-07-25 08:22:55 INFO  [TestNG-test=End To End Test-1] BaseTest - Opening application URL : https://www.saucedemo.com/
2026-07-25 08:22:57 INFO  [TestNG-test=End To End Test-1] TestListener - Test Started : com.amol.automation.tests.EndToEndTest.verifyEndToEndPurchaseFlow
2026-07-25 08:22:57 INFO  [TestNG-test=End To End Test-1] ExtentReportManager - Extent Test Created : com.amol.automation.tests.EndToEndTest.verifyEndToEndPurchaseFlow
2026-07-25 08:22:57 INFO  [TestNG-test=End To End Test-1] EndToEndTest - ===== End To End Purchase Started =====
2026-07-25 08:22:57 INFO  [TestNG-test=End To End Test-1] LoginPage - Starting login process
2026-07-25 08:22:57 INFO  [TestNG-test=End To End Test-1] LoginPage - Entering username : standard_user
2026-07-25 08:22:57 INFO  [TestNG-test=End To End Test-1] BasePage - Entering text : standard_user
2026-07-25 08:22:58 INFO  [TestNG-test=End To End Test-1] LoginPage - Entering password
2026-07-25 08:22:58 INFO  [TestNG-test=End To End Test-1] BasePage - Entering text : secret_sauce
2026-07-25 08:22:58 INFO  [TestNG-test=End To End Test-1] LoginPage - Clicking Login button
2026-07-25 08:22:58 INFO  [TestNG-test=End To End Test-1] BasePage - Clicking element : [[ChromeDriver: chrome on windows (ac05baaa851813c43e5aa5601541807a)] -> id: login-button]
2026-07-25 08:22:58 INFO  [TestNG-test=End To End Test-1] LoginPage - Login successful, navigating to Home Page
2026-07-25 08:22:58 INFO  [TestNG-test=End To End Test-1] BasePage - Getting text : Products
2026-07-25 08:22:58 INFO  [TestNG-test=End To End Test-1] CartPage - Getting Cart page title
2026-07-25 08:22:59 INFO  [TestNG-test=End To End Test-1] BasePage - Getting text : Your Cart
2026-07-25 08:22:59 INFO  [TestNG-test=End To End Test-1] CartPage - Getting product name
2026-07-25 08:22:59 INFO  [TestNG-test=End To End Test-1] BasePage - Getting text : Sauce Labs Backpack
2026-07-25 08:22:59 INFO  [TestNG-test=End To End Test-1] CartPage - Proceeding to Checkout
2026-07-25 08:22:59 INFO  [TestNG-test=End To End Test-1] BasePage - Clicking element : [[ChromeDriver: chrome on windows (ac05baaa851813c43e5aa5601541807a)] -> id: checkout]
2026-07-25 08:22:59 INFO  [TestNG-test=End To End Test-1] CheckoutPage - Getting Checkout page title
2026-07-25 08:22:59 INFO  [TestNG-test=End To End Test-1] BasePage - Getting text : Your Cart
2026-07-25 08:22:59 ERROR [TestNG-test=End To End Test-1] TestListener - Test Failed : verifyEndToEndPurchaseFlow
2026-07-25 08:22:59 INFO  [TestNG-test=End To End Test-1] ScreenshotUtils - Screenshot captured successfully : C:\Users\HP\Desktop\Project\selenium-testng-framework\screenshots\verifyEndToEndPurchaseFlow_20260725_082259.png
2026-07-25 08:22:59 INFO  [TestNG-test=End To End Test-1] BaseTest - Cleaning test execution
2026-07-25 08:22:59 INFO  [TestNG-test=End To End Test-1] DriverFactory - Closing browser
2026-07-25 08:22:59 INFO  [TestNG-test=End To End Test-1] DriverFactory - Browser closed successfully
2026-07-25 08:22:59 INFO  [TestNG-test=End To End Test-1] BaseTest - ========== Test Execution Completed ==========
2026-07-25 08:22:59 INFO  [main] TestListener - ========== Test Execution Completed ==========
2026-07-25 08:23:00 INFO  [main] ExtentReportManager - Extent Report flushed
2026-07-25 08:26:30 INFO  [main] TestListener - ========== Test Execution Started ==========
2026-07-25 08:26:30 INFO  [main] ExtentReportManager - Extent Report Created : C:\Users\HP\Desktop\Project\selenium-testng-framework\reports\AutomationReport_20260725_082630.html
2026-07-25 08:26:30 INFO  [TestNG-test=End To End Test-1] BaseTest - ========== Starting Test : verifyEndToEndPurchaseFlow ==========
2026-07-25 08:26:30 INFO  [TestNG-test=End To End Test-1] ConfigReader - Loading config.properties file
2026-07-25 08:26:30 INFO  [TestNG-test=End To End Test-1] ConfigReader - Configuration loaded successfully
2026-07-25 08:26:30 INFO  [TestNG-test=End To End Test-1] DriverFactory - Initializing browser : CHROME
2026-07-25 08:26:32 INFO  [TestNG-test=End To End Test-1] DriverFactory - CHROME browser launched successfully
2026-07-25 08:26:32 INFO  [TestNG-test=End To End Test-1] BaseTest - Opening application URL : https://www.saucedemo.com/
2026-07-25 08:26:35 INFO  [TestNG-test=End To End Test-1] TestListener - Test Started : com.amol.automation.tests.EndToEndTest.verifyEndToEndPurchaseFlow
2026-07-25 08:26:35 INFO  [TestNG-test=End To End Test-1] ExtentReportManager - Extent Test Created : com.amol.automation.tests.EndToEndTest.verifyEndToEndPurchaseFlow
2026-07-25 08:26:35 INFO  [TestNG-test=End To End Test-1] EndToEndTest - ===== End To End Purchase Started =====
2026-07-25 08:26:35 INFO  [TestNG-test=End To End Test-1] LoginPage - Starting login process
2026-07-25 08:26:35 INFO  [TestNG-test=End To End Test-1] LoginPage - Entering username : standard_user
2026-07-25 08:26:35 INFO  [TestNG-test=End To End Test-1] BasePage - Entering text : standard_user
2026-07-25 08:26:35 INFO  [TestNG-test=End To End Test-1] LoginPage - Entering password
2026-07-25 08:26:35 INFO  [TestNG-test=End To End Test-1] BasePage - Entering text : secret_sauce
2026-07-25 08:26:35 INFO  [TestNG-test=End To End Test-1] LoginPage - Clicking Login button
2026-07-25 08:26:35 INFO  [TestNG-test=End To End Test-1] BasePage - Clicking element : [[ChromeDriver: chrome on windows (041a3231b2424d6789f16524a566131a)] -> id: login-button]
2026-07-25 08:26:35 INFO  [TestNG-test=End To End Test-1] LoginPage - Login successful, navigating to Home Page
2026-07-25 08:26:36 INFO  [TestNG-test=End To End Test-1] BasePage - Getting text : Products
2026-07-25 08:26:36 INFO  [TestNG-test=End To End Test-1] CartPage - Getting cart title
2026-07-25 08:26:36 INFO  [TestNG-test=End To End Test-1] BasePage - Getting text : Products
2026-07-25 08:26:36 ERROR [TestNG-test=End To End Test-1] TestListener - Test Failed : verifyEndToEndPurchaseFlow
2026-07-25 08:26:36 INFO  [TestNG-test=End To End Test-1] ScreenshotUtils - Screenshot captured successfully : C:\Users\HP\Desktop\Project\selenium-testng-framework\screenshots\verifyEndToEndPurchaseFlow_20260725_082636.png
2026-07-25 08:26:36 INFO  [TestNG-test=End To End Test-1] BaseTest - Cleaning test execution
2026-07-25 08:26:36 INFO  [TestNG-test=End To End Test-1] DriverFactory - Closing browser
2026-07-25 08:26:36 INFO  [TestNG-test=End To End Test-1] DriverFactory - Browser closed successfully
2026-07-25 08:26:36 INFO  [TestNG-test=End To End Test-1] BaseTest - ========== Test Execution Completed ==========
2026-07-25 08:26:36 INFO  [main] TestListener - ========== Test Execution Completed ==========
2026-07-25 08:26:37 INFO  [main] ExtentReportManager - Extent Report flushed
2026-07-25 08:32:30 INFO  [main] BaseTest - ========== Starting Test : verifyEndToEndPurchaseFlow ==========
2026-07-25 08:32:30 INFO  [main] ConfigReader - Loading config.properties file
2026-07-25 08:32:30 INFO  [main] ConfigReader - Configuration loaded successfully
2026-07-25 08:32:30 INFO  [main] DriverFactory - Initializing browser : CHROME
2026-07-25 08:32:32 INFO  [main] DriverFactory - CHROME browser launched successfully
2026-07-25 08:32:32 INFO  [main] BaseTest - Opening application URL : https://www.saucedemo.com/
2026-07-25 08:32:35 INFO  [main] EndToEndTest - ===== End To End Purchase Started =====
2026-07-25 08:32:35 INFO  [main] LoginPage - Starting login process
2026-07-25 08:32:35 INFO  [main] LoginPage - Entering username : standard_user
2026-07-25 08:32:35 INFO  [main] BasePage - Entering text : standard_user
2026-07-25 08:32:35 INFO  [main] LoginPage - Entering password
2026-07-25 08:32:35 INFO  [main] BasePage - Entering text : secret_sauce
2026-07-25 08:32:35 INFO  [main] LoginPage - Clicking Login button
2026-07-25 08:32:35 INFO  [main] BasePage - Clicking element : [[ChromeDriver: chrome on windows (851654302d1195a3e675a27f65d0e7a1)] -> id: login-button]
2026-07-25 08:32:35 INFO  [main] LoginPage - Login successful, navigating to Home Page
2026-07-25 08:32:35 INFO  [main] EndToEndTest - Login completed
2026-07-25 08:32:35 INFO  [main] BasePage - Getting text : Products
2026-07-25 08:32:35 INFO  [main] EndToEndTest - Product page verified
2026-07-25 08:32:36 INFO  [main] EndToEndTest - Product added to cart
2026-07-25 08:32:36 INFO  [main] CartPage - Getting cart title
2026-07-25 08:32:36 INFO  [main] BasePage - Getting text : Your Cart
2026-07-25 08:32:36 INFO  [main] EndToEndTest - Cart verified
2026-07-25 08:32:36 INFO  [main] CartPage - Clicking checkout button
2026-07-25 08:32:36 INFO  [main] BasePage - Clicking element : [[ChromeDriver: chrome on windows (851654302d1195a3e675a27f65d0e7a1)] -> id: checkout]
2026-07-25 08:32:36 INFO  [main] BasePage - Getting text : Your Cart
2026-07-25 08:32:36 INFO  [main] BaseTest - Cleaning test execution
2026-07-25 08:32:36 INFO  [main] DriverFactory - Closing browser
2026-07-25 08:32:36 INFO  [main] DriverFactory - Browser closed successfully
2026-07-25 08:32:36 INFO  [main] BaseTest - ========== Test Execution Completed ==========
2026-07-25 08:32:59 INFO  [main] TestListener - ========== Test Execution Started ==========
2026-07-25 08:32:59 INFO  [main] ExtentReportManager - Extent Report Created : C:\Users\HP\Desktop\Project\selenium-testng-framework\reports\AutomationReport_20260725_083259.html
2026-07-25 08:32:59 INFO  [TestNG-test=End To End Test-1] BaseTest - ========== Starting Test : verifyEndToEndPurchaseFlow ==========
2026-07-25 08:32:59 INFO  [TestNG-test=End To End Test-1] ConfigReader - Loading config.properties file
2026-07-25 08:32:59 INFO  [TestNG-test=End To End Test-1] ConfigReader - Configuration loaded successfully
2026-07-25 08:32:59 INFO  [TestNG-test=End To End Test-1] DriverFactory - Initializing browser : CHROME
2026-07-25 08:33:01 INFO  [TestNG-test=End To End Test-1] DriverFactory - CHROME browser launched successfully
2026-07-25 08:33:01 INFO  [TestNG-test=End To End Test-1] BaseTest - Opening application URL : https://www.saucedemo.com/
2026-07-25 08:33:04 INFO  [TestNG-test=End To End Test-1] TestListener - Test Started : com.amol.automation.tests.EndToEndTest.verifyEndToEndPurchaseFlow
2026-07-25 08:33:04 INFO  [TestNG-test=End To End Test-1] ExtentReportManager - Extent Test Created : com.amol.automation.tests.EndToEndTest.verifyEndToEndPurchaseFlow
2026-07-25 08:33:04 INFO  [TestNG-test=End To End Test-1] EndToEndTest - ===== End To End Purchase Started =====
2026-07-25 08:33:04 INFO  [TestNG-test=End To End Test-1] LoginPage - Starting login process
2026-07-25 08:33:04 INFO  [TestNG-test=End To End Test-1] LoginPage - Entering username : standard_user
2026-07-25 08:33:04 INFO  [TestNG-test=End To End Test-1] BasePage - Entering text : standard_user
2026-07-25 08:33:04 INFO  [TestNG-test=End To End Test-1] LoginPage - Entering password
2026-07-25 08:33:04 INFO  [TestNG-test=End To End Test-1] BasePage - Entering text : secret_sauce
2026-07-25 08:33:04 INFO  [TestNG-test=End To End Test-1] LoginPage - Clicking Login button
2026-07-25 08:33:04 INFO  [TestNG-test=End To End Test-1] BasePage - Clicking element : [[ChromeDriver: chrome on windows (c956e5200901a68c04c7bd70b97468ed)] -> id: login-button]
2026-07-25 08:33:05 INFO  [TestNG-test=End To End Test-1] LoginPage - Login successful, navigating to Home Page
2026-07-25 08:33:05 INFO  [TestNG-test=End To End Test-1] EndToEndTest - Login completed
2026-07-25 08:33:05 INFO  [TestNG-test=End To End Test-1] BasePage - Getting text : Products
2026-07-25 08:33:05 INFO  [TestNG-test=End To End Test-1] EndToEndTest - Product page verified
2026-07-25 08:33:05 INFO  [TestNG-test=End To End Test-1] EndToEndTest - Product added to cart
2026-07-25 08:33:05 INFO  [TestNG-test=End To End Test-1] CartPage - Getting cart title
2026-07-25 08:33:05 INFO  [TestNG-test=End To End Test-1] BasePage - Getting text : Products
2026-07-25 08:33:05 ERROR [TestNG-test=End To End Test-1] TestListener - Test Failed : verifyEndToEndPurchaseFlow
2026-07-25 08:33:05 INFO  [TestNG-test=End To End Test-1] ScreenshotUtils - Screenshot captured successfully : C:\Users\HP\Desktop\Project\selenium-testng-framework\screenshots\verifyEndToEndPurchaseFlow_20260725_083305.png
2026-07-25 08:33:05 INFO  [TestNG-test=End To End Test-1] BaseTest - Cleaning test execution
2026-07-25 08:33:05 INFO  [TestNG-test=End To End Test-1] DriverFactory - Closing browser
2026-07-25 08:33:05 INFO  [TestNG-test=End To End Test-1] DriverFactory - Browser closed successfully
2026-07-25 08:33:05 INFO  [TestNG-test=End To End Test-1] BaseTest - ========== Test Execution Completed ==========
2026-07-25 08:33:05 INFO  [main] TestListener - ========== Test Execution Completed ==========
2026-07-25 08:33:06 INFO  [main] ExtentReportManager - Extent Report flushed
2026-07-25 10:10:22 INFO  [main] BaseTest - ========== Starting Test : verifyEndToEndPurchaseFlow ==========
2026-07-25 10:10:22 INFO  [main] ConfigReader - Loading config.properties file
2026-07-25 10:10:22 INFO  [main] ConfigReader - Configuration loaded successfully
2026-07-25 10:10:22 INFO  [main] DriverFactory - Initializing browser : CHROME
2026-07-25 10:10:25 INFO  [main] DriverFactory - CHROME browser launched successfully
2026-07-25 10:10:25 INFO  [main] BaseTest - Opening application URL : https://www.saucedemo.com/
2026-07-25 10:10:29 INFO  [main] EndToEndTest - ===== SauceDemo E2E Purchase Started =====
2026-07-25 10:10:29 INFO  [main] LoginPage - Starting login process
2026-07-25 10:10:29 INFO  [main] LoginPage - Entering username : standard_user
2026-07-25 10:10:29 INFO  [main] BasePage - Entering text : standard_user
2026-07-25 10:10:29 INFO  [main] LoginPage - Entering password
2026-07-25 10:10:29 INFO  [main] BasePage - Entering text : secret_sauce
2026-07-25 10:10:29 INFO  [main] LoginPage - Clicking Login button
2026-07-25 10:10:29 INFO  [main] BasePage - Clicking element : [[ChromeDriver: chrome on windows (a503b3479dc0d816e97aff61b43f91e5)] -> id: login-button]
2026-07-25 10:10:30 INFO  [main] LoginPage - Login successful
2026-07-25 10:10:30 INFO  [main] HomePage - Checking products page visibility
2026-07-25 10:10:30 INFO  [main] EndToEndTest - Login completed successfully
2026-07-25 10:10:30 INFO  [main] ProductPage - Getting product page title
2026-07-25 10:10:30 INFO  [main] BasePage - Getting text : Products
2026-07-25 10:10:30 INFO  [main] EndToEndTest - Products page verified
2026-07-25 10:10:30 INFO  [main] ProductPage - Adding Sauce Labs Backpack to cart
2026-07-25 10:10:30 INFO  [main] BasePage - Clicking element : [[ChromeDriver: chrome on windows (a503b3479dc0d816e97aff61b43f91e5)] -> id: add-to-cart-sauce-labs-backpack]
2026-07-25 10:10:30 INFO  [main] ProductPage - Getting cart count
2026-07-25 10:10:30 INFO  [main] BasePage - Getting text : 1
2026-07-25 10:10:30 INFO  [main] EndToEndTest - Product added to cart
2026-07-25 10:10:30 INFO  [main] ProductPage - Opening cart page
2026-07-25 10:10:30 INFO  [main] BasePage - Clicking element : [[ChromeDriver: chrome on windows (a503b3479dc0d816e97aff61b43f91e5)] -> class name: shopping_cart_link]
2026-07-25 10:10:31 INFO  [main] CartPage - Getting cart title
2026-07-25 10:10:31 INFO  [main] BasePage - Getting text : Your Cart
2026-07-25 10:10:31 INFO  [main] CartPage - Getting product name
2026-07-25 10:10:31 INFO  [main] BasePage - Getting text : Sauce Labs Backpack
2026-07-25 10:10:31 INFO  [main] EndToEndTest - Cart verified
2026-07-25 10:10:31 INFO  [main] CartPage - Clicking checkout button
2026-07-25 10:10:31 INFO  [main] BasePage - Clicking element : [[ChromeDriver: chrome on windows (a503b3479dc0d816e97aff61b43f91e5)] -> id: checkout]
2026-07-25 10:10:31 INFO  [main] CheckoutPage - Getting checkout title
2026-07-25 10:10:31 INFO  [main] BasePage - Getting text : Checkout: Your Information
2026-07-25 10:10:31 INFO  [main] CheckoutPage - Entering checkout information
2026-07-25 10:10:31 INFO  [main] BasePage - Entering text : Amol
2026-07-25 10:10:31 INFO  [main] BasePage - Entering text : Sarode
2026-07-25 10:10:32 INFO  [main] BasePage - Entering text : 382481
2026-07-25 10:10:32 INFO  [main] BasePage - Clicking element : [[ChromeDriver: chrome on windows (a503b3479dc0d816e97aff61b43f91e5)] -> id: continue]
2026-07-25 10:10:32 INFO  [main] CheckoutOverviewPage - Getting checkout overview title
2026-07-25 10:10:32 INFO  [main] BasePage - Getting text : Checkout: Your Information
2026-07-25 10:10:32 INFO  [main] BaseTest - Cleaning test execution
2026-07-25 10:10:32 INFO  [main] DriverFactory - Closing browser
2026-07-25 10:10:32 INFO  [main] DriverFactory - Browser closed successfully
2026-07-25 10:10:32 INFO  [main] BaseTest - ========== Test Execution Completed ==========
2026-07-25 10:13:18 INFO  [main] TestListener - ========== Test Execution Started ==========
2026-07-25 10:13:18 INFO  [main] ExtentReportManager - Extent Report Created : C:\Users\HP\Desktop\Project\selenium-testng-framework\reports\AutomationReport_20260725_101318.html
2026-07-25 10:13:19 INFO  [main] ExcelUtils - Reading Excel file : src/main/resources/testdata/LoginData.xlsx
2026-07-25 10:13:20 INFO  [main] ExcelUtils - Excel data loaded successfully
2026-07-25 10:13:20 INFO  [main] BaseTest - ========== Starting Test : verifyValidLogin ==========
2026-07-25 10:13:20 INFO  [main] ConfigReader - Loading config.properties file
2026-07-25 10:13:20 INFO  [main] ConfigReader - Configuration loaded successfully
2026-07-25 10:13:20 INFO  [main] DriverFactory - Initializing browser : CHROME
2026-07-25 10:13:25 INFO  [main] DriverFactory - CHROME browser launched successfully
2026-07-25 10:13:25 INFO  [main] BaseTest - Opening application URL : https://www.saucedemo.com/
2026-07-25 10:13:27 INFO  [main] TestListener - Test Started : com.amol.automation.tests.LoginTest.verifyValidLogin
2026-07-25 10:13:27 INFO  [main] ExtentReportManager - Extent Test Created : com.amol.automation.tests.LoginTest.verifyValidLogin
2026-07-25 10:13:27 INFO  [main] LoginTest - Starting Login Test
2026-07-25 10:13:27 INFO  [main] LoginPage - Starting login process
2026-07-25 10:13:27 INFO  [main] LoginPage - Entering username : amol.test@gmail.com
2026-07-25 10:13:27 INFO  [main] BasePage - Entering text : amol.test@gmail.com
2026-07-25 10:13:29 INFO  [main] LoginPage - Entering password
2026-07-25 10:13:29 INFO  [main] BasePage - Entering text : Test@123
2026-07-25 10:13:29 INFO  [main] LoginPage - Clicking Login button
2026-07-25 10:13:29 INFO  [main] BasePage - Clicking element : [[ChromeDriver: chrome on windows (4efa1386554958947142fd170b39e5f7)] -> id: login-button]
2026-07-25 10:13:29 INFO  [main] LoginPage - Login successful
2026-07-25 10:13:29 INFO  [main] LoginTest - Login completed successfully
2026-07-25 10:13:29 INFO  [main] HomePage - Checking products page visibility
2026-07-25 10:14:42 INFO  [main] TestListener - ========== Test Execution Started ==========
2026-07-25 10:14:42 INFO  [main] ExtentReportManager - Extent Report Created : C:\Users\HP\Desktop\Project\selenium-testng-framework\reports\AutomationReport_20260725_101442.html
2026-07-25 10:14:42 INFO  [main] ExcelUtils - Reading Excel file : src/main/resources/testdata/LoginData.xlsx
2026-07-25 10:14:43 INFO  [main] ExcelUtils - Excel data loaded successfully
2026-07-25 10:14:43 INFO  [main] BaseTest - ========== Starting Test : verifyValidLogin ==========
2026-07-25 10:14:43 INFO  [main] ConfigReader - Loading config.properties file
2026-07-25 10:14:43 INFO  [main] ConfigReader - Configuration loaded successfully
2026-07-25 10:14:43 INFO  [main] DriverFactory - Initializing browser : CHROME
2026-07-25 10:14:45 INFO  [main] DriverFactory - CHROME browser launched successfully
2026-07-25 10:14:45 INFO  [main] BaseTest - Opening application URL : https://www.saucedemo.com/
2026-07-25 10:14:48 INFO  [main] TestListener - Test Started : com.amol.automation.tests.LoginTest.verifyValidLogin
2026-07-25 10:14:48 INFO  [main] ExtentReportManager - Extent Test Created : com.amol.automation.tests.LoginTest.verifyValidLogin
2026-07-25 10:14:48 INFO  [main] LoginTest - Starting Login Test
2026-07-25 10:14:48 INFO  [main] LoginPage - Starting login process
2026-07-25 10:14:48 INFO  [main] LoginPage - Entering username : standard_user
2026-07-25 10:14:48 INFO  [main] BasePage - Entering text : standard_user
2026-07-25 10:14:49 INFO  [main] LoginPage - Entering password
2026-07-25 10:14:49 INFO  [main] BasePage - Entering text : secret_sauce
2026-07-25 10:14:49 INFO  [main] LoginPage - Clicking Login button
2026-07-25 10:14:49 INFO  [main] BasePage - Clicking element : [[ChromeDriver: chrome on windows (aa513d5a27657d0e9b924b0caca8aef2)] -> id: login-button]
2026-07-25 10:14:49 INFO  [main] LoginPage - Login successful
2026-07-25 10:14:49 INFO  [main] LoginTest - Login completed successfully
2026-07-25 10:14:49 INFO  [main] HomePage - Checking products page visibility
2026-07-25 10:14:49 INFO  [main] LoginTest - Login Test Completed
2026-07-25 10:14:49 INFO  [main] TestListener - Test Passed : verifyValidLogin
2026-07-25 10:14:49 INFO  [main] BaseTest - Cleaning test execution
2026-07-25 10:14:49 INFO  [main] DriverFactory - Closing browser
2026-07-25 10:14:50 INFO  [main] DriverFactory - Browser closed successfully
2026-07-25 10:14:50 INFO  [main] BaseTest - ========== Test Execution Completed ==========
2026-07-25 10:14:50 INFO  [main] BaseTest - ========== Starting Test : verifyValidLogin ==========
2026-07-25 10:14:50 INFO  [main] DriverFactory - Initializing browser : CHROME
2026-07-25 10:14:51 INFO  [main] DriverFactory - CHROME browser launched successfully
2026-07-25 10:14:51 INFO  [main] BaseTest - Opening application URL : https://www.saucedemo.com/
2026-07-25 10:14:54 INFO  [main] TestListener - Test Started : com.amol.automation.tests.LoginTest.verifyValidLogin
2026-07-25 10:14:54 INFO  [main] ExtentReportManager - Extent Test Created : com.amol.automation.tests.LoginTest.verifyValidLogin
2026-07-25 10:14:54 INFO  [main] LoginTest - Starting Login Test
2026-07-25 10:14:54 INFO  [main] LoginPage - Starting login process
2026-07-25 10:14:54 INFO  [main] LoginPage - Entering username : locked_out_user
2026-07-25 10:14:54 INFO  [main] BasePage - Entering text : locked_out_user
2026-07-25 10:14:54 INFO  [main] LoginPage - Entering password
2026-07-25 10:14:54 INFO  [main] BasePage - Entering text : secret_sauce
2026-07-25 10:14:54 INFO  [main] LoginPage - Clicking Login button
2026-07-25 10:14:54 INFO  [main] BasePage - Clicking element : [[ChromeDriver: chrome on windows (194842a57cf7f014a3f05ad6c845e0d0)] -> id: login-button]
2026-07-25 10:14:54 INFO  [main] LoginPage - Login successful
2026-07-25 10:14:54 INFO  [main] LoginTest - Login completed successfully
2026-07-25 10:14:54 INFO  [main] HomePage - Checking products page visibility
2026-07-25 10:15:25 ERROR [main] TestListener - Test Failed : verifyValidLogin
2026-07-25 10:15:25 INFO  [main] ScreenshotUtils - Screenshot captured successfully : C:\Users\HP\Desktop\Project\selenium-testng-framework\screenshots\verifyValidLogin_20260725_101525.png
2026-07-25 10:15:25 INFO  [main] BaseTest - Cleaning test execution
2026-07-25 10:15:25 INFO  [main] DriverFactory - Closing browser
2026-07-25 10:15:26 INFO  [main] DriverFactory - Browser closed successfully
2026-07-25 10:15:26 INFO  [main] BaseTest - ========== Test Execution Completed ==========
2026-07-25 10:15:26 INFO  [main] BaseTest - ========== Starting Test : verifyValidLogin ==========
2026-07-25 10:15:26 INFO  [main] DriverFactory - Initializing browser : CHROME
2026-07-25 10:15:27 INFO  [main] DriverFactory - CHROME browser launched successfully
2026-07-25 10:15:27 INFO  [main] BaseTest - Opening application URL : https://www.saucedemo.com/
2026-07-25 10:15:29 INFO  [main] TestListener - Test Started : com.amol.automation.tests.LoginTest.verifyValidLogin
2026-07-25 10:15:29 INFO  [main] ExtentReportManager - Extent Test Created : com.amol.automation.tests.LoginTest.verifyValidLogin
2026-07-25 10:15:29 INFO  [main] LoginTest - Starting Login Test
2026-07-25 10:15:29 INFO  [main] LoginPage - Starting login process
2026-07-25 10:15:29 INFO  [main] LoginPage - Entering username : problem_user
2026-07-25 10:15:29 INFO  [main] BasePage - Entering text : problem_user
2026-07-25 10:15:30 INFO  [main] LoginPage - Entering password
2026-07-25 10:15:30 INFO  [main] BasePage - Entering text : secret_sauce
2026-07-25 10:15:30 INFO  [main] LoginPage - Clicking Login button
2026-07-25 10:15:30 INFO  [main] BasePage - Clicking element : [[ChromeDriver: chrome on windows (488e3667e8b4cab220187eed17d598de)] -> id: login-button]
2026-07-25 10:15:31 INFO  [main] LoginPage - Login successful
2026-07-25 10:15:31 INFO  [main] LoginTest - Login completed successfully
2026-07-25 10:15:31 INFO  [main] HomePage - Checking products page visibility
2026-07-25 10:15:31 INFO  [main] LoginTest - Login Test Completed
2026-07-25 10:15:31 INFO  [main] TestListener - Test Passed : verifyValidLogin
2026-07-25 10:15:31 INFO  [main] BaseTest - Cleaning test execution
2026-07-25 10:15:31 INFO  [main] DriverFactory - Closing browser
2026-07-25 10:15:31 INFO  [main] DriverFactory - Browser closed successfully
2026-07-25 10:15:31 INFO  [main] BaseTest - ========== Test Execution Completed ==========
2026-07-25 10:15:31 INFO  [main] BaseTest - ========== Starting Test : verifyValidLogin ==========
2026-07-25 10:15:31 INFO  [main] DriverFactory - Initializing browser : CHROME
2026-07-25 10:15:32 INFO  [main] DriverFactory - CHROME browser launched successfully
2026-07-25 10:15:32 INFO  [main] BaseTest - Opening application URL : https://www.saucedemo.com/
2026-07-25 10:15:34 INFO  [main] TestListener - Test Started : com.amol.automation.tests.LoginTest.verifyValidLogin
2026-07-25 10:15:34 INFO  [main] ExtentReportManager - Extent Test Created : com.amol.automation.tests.LoginTest.verifyValidLogin
2026-07-25 10:15:34 INFO  [main] LoginTest - Starting Login Test
2026-07-25 10:15:34 INFO  [main] LoginPage - Starting login process
2026-07-25 10:15:34 INFO  [main] LoginPage - Entering username : performance_glitch_user
2026-07-25 10:15:34 INFO  [main] BasePage - Entering text : performance_glitch_user
2026-07-25 10:15:35 INFO  [main] LoginPage - Entering password
2026-07-25 10:15:35 INFO  [main] BasePage - Entering text : secret_sauce
2026-07-25 10:15:35 INFO  [main] LoginPage - Clicking Login button
2026-07-25 10:15:35 INFO  [main] BasePage - Clicking element : [[ChromeDriver: chrome on windows (4996770b772bd361d7cc5a7956cf4822)] -> id: login-button]
2026-07-25 10:15:41 INFO  [main] LoginPage - Login successful
2026-07-25 10:15:41 INFO  [main] LoginTest - Login completed successfully
2026-07-25 10:15:41 INFO  [main] HomePage - Checking products page visibility
2026-07-25 10:15:41 INFO  [main] LoginTest - Login Test Completed
2026-07-25 10:15:41 INFO  [main] TestListener - Test Passed : verifyValidLogin
2026-07-25 10:15:41 INFO  [main] BaseTest - Cleaning test execution
2026-07-25 10:15:41 INFO  [main] DriverFactory - Closing browser
2026-07-25 10:15:41 INFO  [main] DriverFactory - Browser closed successfully
2026-07-25 10:15:41 INFO  [main] BaseTest - ========== Test Execution Completed ==========
2026-07-25 10:15:41 INFO  [main] BaseTest - ========== Starting Test : verifyProductAddToCart ==========
2026-07-25 10:15:41 INFO  [main] DriverFactory - Initializing browser : CHROME
2026-07-25 10:15:42 INFO  [main] DriverFactory - CHROME browser launched successfully
2026-07-25 10:15:42 INFO  [main] BaseTest - Opening application URL : https://www.saucedemo.com/
2026-07-25 10:15:45 INFO  [main] TestListener - Test Started : com.amol.automation.tests.ProductTest.verifyProductAddToCart
2026-07-25 10:15:45 INFO  [main] ExtentReportManager - Extent Test Created : com.amol.automation.tests.ProductTest.verifyProductAddToCart
2026-07-25 10:15:45 INFO  [main] ProductTest - ===== Product Test Started =====
2026-07-25 10:15:45 INFO  [main] LoginPage - Starting login process
2026-07-25 10:15:45 INFO  [main] LoginPage - Entering username : standard_user
2026-07-25 10:15:45 INFO  [main] BasePage - Entering text : standard_user
2026-07-25 10:15:45 INFO  [main] LoginPage - Entering password
2026-07-25 10:15:45 INFO  [main] BasePage - Entering text : secret_sauce
2026-07-25 10:15:45 INFO  [main] LoginPage - Clicking Login button
2026-07-25 10:15:45 INFO  [main] BasePage - Clicking element : [[ChromeDriver: chrome on windows (73c40c4216e1ca25406683396d6bbd70)] -> id: login-button]
2026-07-25 10:15:46 INFO  [main] LoginPage - Login successful
2026-07-25 10:15:46 INFO  [main] HomePage - Checking products page visibility
2026-07-25 10:15:46 INFO  [main] ProductTest - Login successful
2026-07-25 10:15:46 INFO  [main] ProductPage - Getting product page title
2026-07-25 10:15:46 INFO  [main] BasePage - Getting text : Products
2026-07-25 10:15:46 INFO  [main] ProductTest - Product page verified
2026-07-25 10:15:46 INFO  [main] ProductPage - Adding Sauce Labs Backpack to cart
2026-07-25 10:15:46 INFO  [main] BasePage - Clicking element : [[ChromeDriver: chrome on windows (73c40c4216e1ca25406683396d6bbd70)] -> id: add-to-cart-sauce-labs-backpack]
2026-07-25 10:15:46 INFO  [main] ProductPage - Getting cart count
2026-07-25 10:15:46 INFO  [main] BasePage - Getting text : 1
2026-07-25 10:15:46 INFO  [main] ProductTest - Product added to cart successfully
2026-07-25 10:15:46 INFO  [main] ProductTest - ===== Product Test Completed =====
2026-07-25 10:15:46 INFO  [main] TestListener - Test Passed : verifyProductAddToCart
2026-07-25 10:15:46 INFO  [main] BaseTest - Cleaning test execution
2026-07-25 10:15:46 INFO  [main] DriverFactory - Closing browser
2026-07-25 10:15:46 INFO  [main] DriverFactory - Browser closed successfully
2026-07-25 10:15:46 INFO  [main] BaseTest - ========== Test Execution Completed ==========
2026-07-25 10:15:46 INFO  [main] BaseTest - ========== Starting Test : verifyEndToEndPurchaseFlow ==========
2026-07-25 10:15:46 INFO  [main] DriverFactory - Initializing browser : CHROME
2026-07-25 10:15:48 INFO  [main] DriverFactory - CHROME browser launched successfully
2026-07-25 10:15:48 INFO  [main] BaseTest - Opening application URL : https://www.saucedemo.com/
2026-07-25 10:15:50 INFO  [main] TestListener - Test Started : com.amol.automation.tests.EndToEndTest.verifyEndToEndPurchaseFlow
2026-07-25 10:15:50 INFO  [main] ExtentReportManager - Extent Test Created : com.amol.automation.tests.EndToEndTest.verifyEndToEndPurchaseFlow
2026-07-25 10:15:50 INFO  [main] EndToEndTest - ===== SauceDemo E2E Purchase Started =====
2026-07-25 10:15:50 INFO  [main] LoginPage - Starting login process
2026-07-25 10:15:50 INFO  [main] LoginPage - Entering username : standard_user
2026-07-25 10:15:50 INFO  [main] BasePage - Entering text : standard_user
2026-07-25 10:15:51 INFO  [main] LoginPage - Entering password
2026-07-25 10:15:51 INFO  [main] BasePage - Entering text : secret_sauce
2026-07-25 10:15:51 INFO  [main] LoginPage - Clicking Login button
2026-07-25 10:15:51 INFO  [main] BasePage - Clicking element : [[ChromeDriver: chrome on windows (df1336bd118cde6063b40fffc5bf0cde)] -> id: login-button]
2026-07-25 10:15:51 INFO  [main] LoginPage - Login successful
2026-07-25 10:15:51 INFO  [main] HomePage - Checking products page visibility
2026-07-25 10:15:51 INFO  [main] EndToEndTest - Login completed successfully
2026-07-25 10:15:51 INFO  [main] ProductPage - Getting product page title
2026-07-25 10:15:51 INFO  [main] BasePage - Getting text : Products
2026-07-25 10:15:51 INFO  [main] EndToEndTest - Products page verified
2026-07-25 10:15:51 INFO  [main] ProductPage - Adding Sauce Labs Backpack to cart
2026-07-25 10:15:51 INFO  [main] BasePage - Clicking element : [[ChromeDriver: chrome on windows (df1336bd118cde6063b40fffc5bf0cde)] -> id: add-to-cart-sauce-labs-backpack]
2026-07-25 10:15:51 INFO  [main] ProductPage - Getting cart count
2026-07-25 10:15:52 INFO  [main] BasePage - Getting text : 1
2026-07-25 10:15:52 INFO  [main] EndToEndTest - Product added to cart
2026-07-25 10:15:52 INFO  [main] ProductPage - Opening cart page
2026-07-25 10:15:52 INFO  [main] BasePage - Clicking element : [[ChromeDriver: chrome on windows (df1336bd118cde6063b40fffc5bf0cde)] -> class name: shopping_cart_link]
2026-07-25 10:15:52 INFO  [main] CartPage - Getting cart title
2026-07-25 10:15:52 INFO  [main] BasePage - Getting text : Products
2026-07-25 10:15:52 ERROR [main] TestListener - Test Failed : verifyEndToEndPurchaseFlow
2026-07-25 10:15:52 INFO  [main] ScreenshotUtils - Screenshot captured successfully : C:\Users\HP\Desktop\Project\selenium-testng-framework\screenshots\verifyEndToEndPurchaseFlow_20260725_101552.png
2026-07-25 10:15:52 INFO  [main] BaseTest - Cleaning test execution
2026-07-25 10:15:52 INFO  [main] DriverFactory - Closing browser
2026-07-25 10:15:52 INFO  [main] DriverFactory - Browser closed successfully
2026-07-25 10:15:52 INFO  [main] BaseTest - ========== Test Execution Completed ==========
2026-07-25 10:15:52 INFO  [main] TestListener - ========== Test Execution Completed ==========
2026-07-25 10:15:53 INFO  [main] ExtentReportManager - Extent Report flushed
2026-07-25 10:17:20 INFO  [main] TestListener - ========== Test Execution Started ==========
2026-07-25 10:17:20 INFO  [main] ExtentReportManager - Extent Report Created : C:\Users\HP\Desktop\Project\selenium-testng-framework\reports\AutomationReport_20260725_101720.html
2026-07-25 10:17:20 INFO  [main] BaseTest - ========== Starting Test : verifyEndToEndPurchaseFlow ==========
2026-07-25 10:17:20 INFO  [main] ConfigReader - Loading config.properties file
2026-07-25 10:17:20 INFO  [main] ConfigReader - Configuration loaded successfully
2026-07-25 10:17:20 INFO  [main] DriverFactory - Initializing browser : CHROME
2026-07-25 10:17:23 INFO  [main] DriverFactory - CHROME browser launched successfully
2026-07-25 10:17:23 INFO  [main] BaseTest - Opening application URL : https://www.saucedemo.com/
2026-07-25 10:17:25 INFO  [main] TestListener - Test Started : com.amol.automation.tests.EndToEndTest.verifyEndToEndPurchaseFlow
2026-07-25 10:17:25 INFO  [main] ExtentReportManager - Extent Test Created : com.amol.automation.tests.EndToEndTest.verifyEndToEndPurchaseFlow
2026-07-25 10:17:25 INFO  [main] EndToEndTest - ===== SauceDemo E2E Purchase Started =====
2026-07-25 10:17:26 INFO  [main] LoginPage - Starting login process
2026-07-25 10:17:26 INFO  [main] LoginPage - Entering username : standard_user
2026-07-25 10:17:26 INFO  [main] BasePage - Entering text : standard_user
2026-07-25 10:17:26 INFO  [main] LoginPage - Entering password
2026-07-25 10:17:26 INFO  [main] BasePage - Entering text : secret_sauce
2026-07-25 10:17:26 INFO  [main] LoginPage - Clicking Login button
2026-07-25 10:17:26 INFO  [main] BasePage - Clicking element : [[ChromeDriver: chrome on windows (f8fcef85cd11a1c680a5d74f08d4cedf)] -> id: login-button]
2026-07-25 10:17:26 INFO  [main] LoginPage - Login successful
2026-07-25 10:17:26 INFO  [main] HomePage - Checking products page visibility
2026-07-25 10:17:27 INFO  [main] EndToEndTest - Login completed successfully
2026-07-25 10:17:27 INFO  [main] ProductPage - Getting product page title
2026-07-25 10:17:27 INFO  [main] BasePage - Getting text : Products
2026-07-25 10:17:27 INFO  [main] EndToEndTest - Products page verified
2026-07-25 10:17:27 INFO  [main] ProductPage - Adding Sauce Labs Backpack to cart
2026-07-25 10:17:27 INFO  [main] BasePage - Clicking element : [[ChromeDriver: chrome on windows (f8fcef85cd11a1c680a5d74f08d4cedf)] -> id: add-to-cart-sauce-labs-backpack]
2026-07-25 10:17:27 INFO  [main] ProductPage - Getting cart count
2026-07-25 10:17:27 INFO  [main] BasePage - Getting text : 1
2026-07-25 10:17:27 INFO  [main] EndToEndTest - Product added to cart
2026-07-25 10:17:27 INFO  [main] ProductPage - Opening cart page
2026-07-25 10:17:27 INFO  [main] BasePage - Clicking element : [[ChromeDriver: chrome on windows (f8fcef85cd11a1c680a5d74f08d4cedf)] -> class name: shopping_cart_link]
2026-07-25 10:17:27 INFO  [main] CartPage - Getting cart title
2026-07-25 10:17:27 INFO  [main] BasePage - Getting text : Products
2026-07-25 10:17:27 ERROR [main] TestListener - Test Failed : verifyEndToEndPurchaseFlow
2026-07-25 10:17:27 INFO  [main] ScreenshotUtils - Screenshot captured successfully : C:\Users\HP\Desktop\Project\selenium-testng-framework\screenshots\verifyEndToEndPurchaseFlow_20260725_101727.png
2026-07-25 10:17:27 INFO  [main] BaseTest - Cleaning test execution
2026-07-25 10:17:27 INFO  [main] DriverFactory - Closing browser
2026-07-25 10:17:28 INFO  [main] DriverFactory - Browser closed successfully
2026-07-25 10:17:28 INFO  [main] BaseTest - ========== Test Execution Completed ==========
2026-07-25 10:17:28 INFO  [main] TestListener - ========== Test Execution Completed ==========
2026-07-25 10:17:28 INFO  [main] ExtentReportManager - Extent Report flushed
2026-07-25 10:18:48 INFO  [main] TestListener - ========== Test Execution Started ==========
2026-07-25 10:18:49 INFO  [main] ExtentReportManager - Extent Report Created : C:\Users\HP\Desktop\Project\selenium-testng-framework\reports\AutomationReport_20260725_101848.html
2026-07-25 10:18:49 INFO  [main] ExcelUtils - Reading Excel file : src/main/resources/testdata/LoginData.xlsx
2026-07-25 10:18:50 INFO  [main] ExcelUtils - Excel data loaded successfully
2026-07-25 10:18:50 INFO  [main] BaseTest - ========== Starting Test : verifyEndToEndPurchaseFlow ==========
2026-07-25 10:18:50 INFO  [main] ConfigReader - Loading config.properties file
2026-07-25 10:18:50 INFO  [main] ConfigReader - Configuration loaded successfully
2026-07-25 10:18:50 INFO  [main] DriverFactory - Initializing browser : CHROME
2026-07-25 10:18:52 INFO  [main] DriverFactory - CHROME browser launched successfully
2026-07-25 10:18:52 INFO  [main] BaseTest - Opening application URL : https://www.saucedemo.com/
2026-07-25 10:18:56 INFO  [main] TestListener - Test Started : com.amol.automation.tests.EndToEndTest.verifyEndToEndPurchaseFlow
2026-07-25 10:18:56 INFO  [main] ExtentReportManager - Extent Test Created : com.amol.automation.tests.EndToEndTest.verifyEndToEndPurchaseFlow
2026-07-25 10:18:56 INFO  [main] EndToEndTest - ===== SauceDemo E2E Purchase Started =====
2026-07-25 10:18:56 INFO  [main] LoginPage - Starting login process
2026-07-25 10:18:56 INFO  [main] LoginPage - Entering username : standard_user
2026-07-25 10:18:56 INFO  [main] BasePage - Entering text : standard_user
2026-07-25 10:18:56 INFO  [main] LoginPage - Entering password
2026-07-25 10:18:56 INFO  [main] BasePage - Entering text : secret_sauce
2026-07-25 10:18:56 INFO  [main] LoginPage - Clicking Login button
2026-07-25 10:18:56 INFO  [main] BasePage - Clicking element : [[ChromeDriver: chrome on windows (c408634b268fc8dd69a4fe2cba55a1e4)] -> id: login-button]
2026-07-25 10:18:57 INFO  [main] LoginPage - Login successful
2026-07-25 10:18:57 INFO  [main] HomePage - Checking products page visibility
2026-07-25 10:18:57 INFO  [main] EndToEndTest - Login completed successfully
2026-07-25 10:18:57 INFO  [main] ProductPage - Getting product page title
2026-07-25 10:18:57 INFO  [main] BasePage - Getting text : Products
2026-07-25 10:18:57 INFO  [main] EndToEndTest - Products page verified
2026-07-25 10:18:57 INFO  [main] ProductPage - Adding Sauce Labs Backpack to cart
2026-07-25 10:18:57 INFO  [main] BasePage - Clicking element : [[ChromeDriver: chrome on windows (c408634b268fc8dd69a4fe2cba55a1e4)] -> id: add-to-cart-sauce-labs-backpack]
2026-07-25 10:18:57 INFO  [main] ProductPage - Getting cart count
2026-07-25 10:18:57 INFO  [main] BasePage - Getting text : 1
2026-07-25 10:18:57 INFO  [main] EndToEndTest - Product added to cart
2026-07-25 10:18:57 INFO  [main] ProductPage - Opening cart page
2026-07-25 10:18:57 INFO  [main] BasePage - Clicking element : [[ChromeDriver: chrome on windows (c408634b268fc8dd69a4fe2cba55a1e4)] -> class name: shopping_cart_link]
2026-07-25 10:18:57 INFO  [main] CartPage - Getting cart title
2026-07-25 10:18:57 INFO  [main] BasePage - Getting text : Products
2026-07-25 10:18:57 ERROR [main] TestListener - Test Failed : verifyEndToEndPurchaseFlow
2026-07-25 10:18:58 INFO  [main] ScreenshotUtils - Screenshot captured successfully : C:\Users\HP\Desktop\Project\selenium-testng-framework\screenshots\verifyEndToEndPurchaseFlow_20260725_101857.png
2026-07-25 10:18:58 INFO  [main] BaseTest - Cleaning test execution
2026-07-25 10:18:58 INFO  [main] DriverFactory - Closing browser
2026-07-25 10:18:58 INFO  [main] DriverFactory - Browser closed successfully
2026-07-25 10:18:58 INFO  [main] BaseTest - ========== Test Execution Completed ==========
2026-07-25 10:18:58 INFO  [main] BaseTest - ========== Starting Test : verifyEndToEndPurchaseFlow ==========
2026-07-25 10:18:58 INFO  [main] DriverFactory - Initializing browser : CHROME
2026-07-25 10:19:00 INFO  [main] DriverFactory - CHROME browser launched successfully
2026-07-25 10:19:00 INFO  [main] BaseTest - Opening application URL : https://www.saucedemo.com/
2026-07-25 10:19:02 INFO  [main] TestListener - Test Started : com.amol.automation.tests.EndToEndTest.verifyEndToEndPurchaseFlow
2026-07-25 10:19:02 INFO  [main] ExtentReportManager - Extent Test Created : com.amol.automation.tests.EndToEndTest.verifyEndToEndPurchaseFlow
2026-07-25 10:19:02 INFO  [main] EndToEndTest - ===== SauceDemo E2E Purchase Started =====
2026-07-25 10:19:02 INFO  [main] LoginPage - Starting login process
2026-07-25 10:19:02 INFO  [main] LoginPage - Entering username : locked_out_user
2026-07-25 10:19:02 INFO  [main] BasePage - Entering text : locked_out_user
2026-07-25 10:19:03 INFO  [main] LoginPage - Entering password
2026-07-25 10:19:03 INFO  [main] BasePage - Entering text : secret_sauce
2026-07-25 10:19:03 INFO  [main] LoginPage - Clicking Login button
2026-07-25 10:19:03 INFO  [main] BasePage - Clicking element : [[ChromeDriver: chrome on windows (c2ec2c3367967ce83ed0289c8eb38fff)] -> id: login-button]
2026-07-25 10:19:03 INFO  [main] LoginPage - Login successful
2026-07-25 10:19:03 INFO  [main] HomePage - Checking products page visibility
2026-07-25 10:19:34 ERROR [main] TestListener - Test Failed : verifyEndToEndPurchaseFlow
2026-07-25 10:19:34 INFO  [main] ScreenshotUtils - Screenshot captured successfully : C:\Users\HP\Desktop\Project\selenium-testng-framework\screenshots\verifyEndToEndPurchaseFlow_20260725_101934.png
2026-07-25 10:19:34 INFO  [main] BaseTest - Cleaning test execution
2026-07-25 10:19:34 INFO  [main] DriverFactory - Closing browser
2026-07-25 10:19:35 INFO  [main] DriverFactory - Browser closed successfully
2026-07-25 10:19:35 INFO  [main] BaseTest - ========== Test Execution Completed ==========
2026-07-25 10:19:35 INFO  [main] BaseTest - ========== Starting Test : verifyEndToEndPurchaseFlow ==========
2026-07-25 10:19:35 INFO  [main] DriverFactory - Initializing browser : CHROME
2026-07-25 10:19:36 INFO  [main] DriverFactory - CHROME browser launched successfully
2026-07-25 10:19:36 INFO  [main] BaseTest - Opening application URL : https://www.saucedemo.com/
2026-07-25 10:19:39 INFO  [main] TestListener - Test Started : com.amol.automation.tests.EndToEndTest.verifyEndToEndPurchaseFlow
2026-07-25 10:19:39 INFO  [main] ExtentReportManager - Extent Test Created : com.amol.automation.tests.EndToEndTest.verifyEndToEndPurchaseFlow
2026-07-25 10:19:39 INFO  [main] EndToEndTest - ===== SauceDemo E2E Purchase Started =====
2026-07-25 10:19:39 INFO  [main] LoginPage - Starting login process
2026-07-25 10:19:39 INFO  [main] LoginPage - Entering username : problem_user
2026-07-25 10:19:39 INFO  [main] BasePage - Entering text : problem_user
2026-07-25 10:19:39 INFO  [main] LoginPage - Entering password
2026-07-25 10:19:39 INFO  [main] BasePage - Entering text : secret_sauce
2026-07-25 10:19:40 INFO  [main] LoginPage - Clicking Login button
2026-07-25 10:19:40 INFO  [main] BasePage - Clicking element : [[ChromeDriver: chrome on windows (91b67212c15c1b6ecc2de7d1e161b001)] -> id: login-button]
2026-07-25 10:19:40 INFO  [main] LoginPage - Login successful
2026-07-25 10:19:40 INFO  [main] HomePage - Checking products page visibility
2026-07-25 10:19:40 INFO  [main] EndToEndTest - Login completed successfully
2026-07-25 10:19:40 INFO  [main] ProductPage - Getting product page title
2026-07-25 10:19:40 INFO  [main] BasePage - Getting text : Products
2026-07-25 10:19:40 INFO  [main] EndToEndTest - Products page verified
2026-07-25 10:19:40 INFO  [main] ProductPage - Adding Sauce Labs Backpack to cart
2026-07-25 10:19:40 INFO  [main] BasePage - Clicking element : [[ChromeDriver: chrome on windows (91b67212c15c1b6ecc2de7d1e161b001)] -> id: add-to-cart-sauce-labs-backpack]
2026-07-25 10:19:40 INFO  [main] ProductPage - Getting cart count
2026-07-25 10:19:40 INFO  [main] BasePage - Getting text : 1
2026-07-25 10:19:40 INFO  [main] EndToEndTest - Product added to cart
2026-07-25 10:19:40 INFO  [main] ProductPage - Opening cart page
2026-07-25 10:19:40 INFO  [main] BasePage - Clicking element : [[ChromeDriver: chrome on windows (91b67212c15c1b6ecc2de7d1e161b001)] -> class name: shopping_cart_link]
2026-07-25 10:19:41 INFO  [main] CartPage - Getting cart title
2026-07-25 10:19:41 INFO  [main] BasePage - Getting text : Products
2026-07-25 10:19:41 ERROR [main] TestListener - Test Failed : verifyEndToEndPurchaseFlow
2026-07-25 10:19:41 INFO  [main] ScreenshotUtils - Screenshot captured successfully : C:\Users\HP\Desktop\Project\selenium-testng-framework\screenshots\verifyEndToEndPurchaseFlow_20260725_101941.png
2026-07-25 10:19:41 INFO  [main] BaseTest - Cleaning test execution
2026-07-25 10:19:41 INFO  [main] DriverFactory - Closing browser
2026-07-25 10:19:41 INFO  [main] DriverFactory - Browser closed successfully
2026-07-25 10:19:41 INFO  [main] BaseTest - ========== Test Execution Completed ==========
2026-07-25 10:19:41 INFO  [main] BaseTest - ========== Starting Test : verifyEndToEndPurchaseFlow ==========
2026-07-25 10:19:41 INFO  [main] DriverFactory - Initializing browser : CHROME
2026-07-25 10:19:42 INFO  [main] DriverFactory - CHROME browser launched successfully
2026-07-25 10:19:42 INFO  [main] BaseTest - Opening application URL : https://www.saucedemo.com/
2026-07-25 10:19:45 INFO  [main] TestListener - Test Started : com.amol.automation.tests.EndToEndTest.verifyEndToEndPurchaseFlow
2026-07-25 10:19:45 INFO  [main] ExtentReportManager - Extent Test Created : com.amol.automation.tests.EndToEndTest.verifyEndToEndPurchaseFlow
2026-07-25 10:19:45 INFO  [main] EndToEndTest - ===== SauceDemo E2E Purchase Started =====
2026-07-25 10:19:45 INFO  [main] LoginPage - Starting login process
2026-07-25 10:19:45 INFO  [main] LoginPage - Entering username : performance_glitch_user
2026-07-25 10:19:45 INFO  [main] BasePage - Entering text : performance_glitch_user
2026-07-25 10:19:45 INFO  [main] LoginPage - Entering password
2026-07-25 10:19:45 INFO  [main] BasePage - Entering text : secret_sauce
2026-07-25 10:19:46 INFO  [main] LoginPage - Clicking Login button
2026-07-25 10:19:46 INFO  [main] BasePage - Clicking element : [[ChromeDriver: chrome on windows (7d366176eee18eb898b8b1c323a7c7a2)] -> id: login-button]
2026-07-25 10:24:25 INFO  [main] TestListener - ========== Test Execution Started ==========
2026-07-25 10:24:25 INFO  [main] ExtentReportManager - Extent Report Created : C:\Users\HP\Desktop\Project\selenium-testng-framework\reports\AutomationReport_20260725_102425.html
2026-07-25 10:24:25 INFO  [main] ExcelUtils - Reading Excel file : src/main/resources/testdata/LoginData.xlsx
2026-07-25 10:24:26 INFO  [main] ExcelUtils - Excel data loaded successfully
2026-07-25 10:24:26 INFO  [main] BaseTest - ========== Starting Test : verifyEndToEndPurchaseFlow ==========
2026-07-25 10:24:26 INFO  [main] ConfigReader - Loading config.properties file
2026-07-25 10:24:26 INFO  [main] ConfigReader - Configuration loaded successfully
2026-07-25 10:24:26 INFO  [main] DriverFactory - Initializing browser : CHROME
2026-07-25 10:24:28 INFO  [main] DriverFactory - CHROME browser launched successfully
2026-07-25 10:24:28 INFO  [main] BaseTest - Opening application URL : https://www.saucedemo.com/
2026-07-25 10:24:31 INFO  [main] TestListener - Test Started : com.amol.automation.tests.EndToEndTest.verifyEndToEndPurchaseFlow
2026-07-25 10:24:31 INFO  [main] ExtentReportManager - Extent Test Created : com.amol.automation.tests.EndToEndTest.verifyEndToEndPurchaseFlow
2026-07-25 10:24:31 INFO  [main] EndToEndTest - ===== SauceDemo E2E Purchase Started =====
2026-07-25 10:24:31 INFO  [main] LoginPage - Starting login process
2026-07-25 10:24:31 INFO  [main] LoginPage - Entering username : standard_user
2026-07-25 10:24:31 INFO  [main] BasePage - Entering text : standard_user
2026-07-25 10:24:32 INFO  [main] LoginPage - Entering password
2026-07-25 10:24:32 INFO  [main] BasePage - Entering text : secret_sauce
2026-07-25 10:24:32 INFO  [main] LoginPage - Clicking Login button
2026-07-25 10:24:32 INFO  [main] BasePage - Clicking element : [[ChromeDriver: chrome on windows (0f09f9b806c1584319f6a3222d86c502)] -> id: login-button]
2026-07-25 10:24:32 INFO  [main] LoginPage - Login successful
2026-07-25 10:24:32 INFO  [main] HomePage - Checking products page visibility
2026-07-25 10:24:32 INFO  [main] EndToEndTest - Login completed successfully
2026-07-25 10:24:32 INFO  [main] ProductPage - Getting product page title
2026-07-25 10:24:32 INFO  [main] BasePage - Getting text : Products
2026-07-25 10:24:32 INFO  [main] EndToEndTest - Products page verified
2026-07-25 10:24:32 INFO  [main] ProductPage - Adding Sauce Labs Backpack to cart
2026-07-25 10:24:32 INFO  [main] BasePage - Clicking element : [[ChromeDriver: chrome on windows (0f09f9b806c1584319f6a3222d86c502)] -> id: add-to-cart-sauce-labs-backpack]
2026-07-25 10:24:33 INFO  [main] ProductPage - Getting cart count
2026-07-25 10:25:03 ERROR [main] TestListener - Test Failed : verifyEndToEndPurchaseFlow
2026-07-25 10:25:04 INFO  [main] ScreenshotUtils - Screenshot captured successfully : C:\Users\HP\Desktop\Project\selenium-testng-framework\screenshots\verifyEndToEndPurchaseFlow_20260725_102503.png
2026-07-25 10:25:04 INFO  [main] BaseTest - Cleaning test execution
2026-07-25 10:25:04 INFO  [main] DriverFactory - Closing browser
2026-07-25 10:25:04 INFO  [main] DriverFactory - Browser closed successfully
2026-07-25 10:25:04 INFO  [main] BaseTest - ========== Test Execution Completed ==========
2026-07-25 10:25:04 INFO  [main] BaseTest - ========== Starting Test : verifyEndToEndPurchaseFlow ==========
2026-07-25 10:25:04 INFO  [main] DriverFactory - Initializing browser : CHROME
2026-07-25 10:25:05 INFO  [main] DriverFactory - CHROME browser launched successfully
2026-07-25 10:25:05 INFO  [main] BaseTest - Opening application URL : https://www.saucedemo.com/
2026-07-25 10:25:08 INFO  [main] TestListener - Test Started : com.amol.automation.tests.EndToEndTest.verifyEndToEndPurchaseFlow
2026-07-25 10:25:08 INFO  [main] ExtentReportManager - Extent Test Created : com.amol.automation.tests.EndToEndTest.verifyEndToEndPurchaseFlow
2026-07-25 10:25:08 INFO  [main] EndToEndTest - ===== SauceDemo E2E Purchase Started =====
2026-07-25 10:25:08 INFO  [main] LoginPage - Starting login process
2026-07-25 10:25:08 INFO  [main] LoginPage - Entering username : locked_out_user
2026-07-25 10:25:08 INFO  [main] BasePage - Entering text : locked_out_user
2026-07-25 10:25:09 INFO  [main] LoginPage - Entering password
2026-07-25 10:25:09 INFO  [main] BasePage - Entering text : secret_sauce
2026-07-25 10:25:09 INFO  [main] LoginPage - Clicking Login button
2026-07-25 10:25:09 INFO  [main] BasePage - Clicking element : [[ChromeDriver: chrome on windows (cc3e65e4e2274f316e9a6bd13178119b)] -> id: login-button]
2026-07-25 10:25:09 INFO  [main] LoginPage - Login successful
2026-07-25 10:25:09 INFO  [main] HomePage - Checking products page visibility
2026-07-25 10:25:44 INFO  [main] TestListener - ========== Test Execution Started ==========
2026-07-25 10:25:44 INFO  [main] ExtentReportManager - Extent Report Created : C:\Users\HP\Desktop\Project\selenium-testng-framework\reports\AutomationReport_20260725_102544.html
2026-07-25 10:25:44 INFO  [main] ExcelUtils - Reading Excel file : src/main/resources/testdata/LoginData.xlsx
2026-07-25 10:25:45 INFO  [main] ExcelUtils - Excel data loaded successfully
2026-07-25 10:25:45 INFO  [main] BaseTest - ========== Starting Test : verifyEndToEndPurchaseFlow ==========
2026-07-25 10:25:45 INFO  [main] ConfigReader - Loading config.properties file
2026-07-25 10:25:45 INFO  [main] ConfigReader - Configuration loaded successfully
2026-07-25 10:25:45 INFO  [main] DriverFactory - Initializing browser : CHROME
2026-07-25 10:25:48 INFO  [main] DriverFactory - CHROME browser launched successfully
2026-07-25 10:25:48 INFO  [main] BaseTest - Opening application URL : https://www.saucedemo.com/
2026-07-25 10:25:51 INFO  [main] TestListener - Test Started : com.amol.automation.tests.EndToEndTest.verifyEndToEndPurchaseFlow
2026-07-25 10:25:51 INFO  [main] ExtentReportManager - Extent Test Created : com.amol.automation.tests.EndToEndTest.verifyEndToEndPurchaseFlow
2026-07-25 10:25:51 INFO  [main] EndToEndTest - ===== SauceDemo E2E Purchase Started =====
2026-07-25 10:25:52 INFO  [main] LoginPage - Starting login process
2026-07-25 10:25:52 INFO  [main] LoginPage - Entering username : standard_user
2026-07-25 10:25:52 INFO  [main] BasePage - Entering text : standard_user
2026-07-25 10:25:52 INFO  [main] LoginPage - Entering password
2026-07-25 10:25:52 INFO  [main] BasePage - Entering text : secret_sauce
2026-07-25 10:25:52 INFO  [main] LoginPage - Clicking Login button
2026-07-25 10:25:52 INFO  [main] BasePage - Clicking element : [[ChromeDriver: chrome on windows (943b56803a2ae9dc1d96be1311115ec6)] -> id: login-button]
2026-07-25 10:25:52 INFO  [main] LoginPage - Login successful
2026-07-25 10:25:52 INFO  [main] HomePage - Checking products page visibility
2026-07-25 10:25:53 INFO  [main] EndToEndTest - Login completed successfully
2026-07-25 10:25:53 INFO  [main] ProductPage - Getting product page title
2026-07-25 10:25:53 INFO  [main] BasePage - Getting text : Products
2026-07-25 10:25:53 INFO  [main] EndToEndTest - Products page verified
2026-07-25 10:25:53 INFO  [main] ProductPage - Adding Sauce Labs Backpack to cart
2026-07-25 10:25:53 INFO  [main] BasePage - Clicking element : [[ChromeDriver: chrome on windows (943b56803a2ae9dc1d96be1311115ec6)] -> id: add-to-cart-sauce-labs-backpack]
2026-07-25 10:25:53 INFO  [main] ProductPage - Getting cart count
2026-07-25 10:25:53 INFO  [main] BasePage - Getting text : 1
2026-07-25 10:25:53 INFO  [main] EndToEndTest - Product added to cart
2026-07-25 10:25:53 INFO  [main] ProductPage - Opening cart page
2026-07-25 10:25:53 INFO  [main] BasePage - Clicking element : [[ChromeDriver: chrome on windows (943b56803a2ae9dc1d96be1311115ec6)] -> class name: shopping_cart_link]
2026-07-25 10:25:53 INFO  [main] CartPage - Getting cart title
2026-07-25 10:25:53 INFO  [main] BasePage - Getting text : Products
2026-07-25 10:25:53 ERROR [main] TestListener - Test Failed : verifyEndToEndPurchaseFlow
2026-07-25 10:25:53 INFO  [main] ScreenshotUtils - Screenshot captured successfully : C:\Users\HP\Desktop\Project\selenium-testng-framework\screenshots\verifyEndToEndPurchaseFlow_20260725_102553.png
2026-07-25 10:25:53 INFO  [main] BaseTest - Cleaning test execution
2026-07-25 10:25:53 INFO  [main] DriverFactory - Closing browser
2026-07-25 10:25:54 INFO  [main] DriverFactory - Browser closed successfully
2026-07-25 10:25:54 INFO  [main] BaseTest - ========== Test Execution Completed ==========
2026-07-25 10:25:54 INFO  [main] BaseTest - ========== Starting Test : verifyEndToEndPurchaseFlow ==========
2026-07-25 10:25:54 INFO  [main] DriverFactory - Initializing browser : CHROME
2026-07-25 10:25:55 INFO  [main] DriverFactory - CHROME browser launched successfully
2026-07-25 10:25:55 INFO  [main] BaseTest - Opening application URL : https://www.saucedemo.com/
2026-07-25 10:25:58 INFO  [main] TestListener - Test Started : com.amol.automation.tests.EndToEndTest.verifyEndToEndPurchaseFlow
2026-07-25 10:25:58 INFO  [main] ExtentReportManager - Extent Test Created : com.amol.automation.tests.EndToEndTest.verifyEndToEndPurchaseFlow
2026-07-25 10:25:58 INFO  [main] EndToEndTest - ===== SauceDemo E2E Purchase Started =====
2026-07-25 10:25:58 INFO  [main] LoginPage - Starting login process
2026-07-25 10:25:58 INFO  [main] LoginPage - Entering username : locked_out_user
2026-07-25 10:25:58 INFO  [main] BasePage - Entering text : locked_out_user
2026-07-25 10:25:59 INFO  [main] LoginPage - Entering password
2026-07-25 10:25:59 INFO  [main] BasePage - Entering text : secret_sauce
2026-07-25 10:25:59 INFO  [main] LoginPage - Clicking Login button
2026-07-25 10:25:59 INFO  [main] BasePage - Clicking element : [[ChromeDriver: chrome on windows (1daabd89fc9641519d7da047fa98e8d3)] -> id: login-button]
2026-07-25 10:25:59 INFO  [main] LoginPage - Login successful
2026-07-25 10:25:59 INFO  [main] HomePage - Checking products page visibility
2026-07-25 10:26:25 ERROR [main] TestListener - Test Failed : verifyEndToEndPurchaseFlow
2026-07-25 10:26:26 ERROR [main] TestListener - Screenshot capture failed
org.openqa.selenium.NoSuchSessionException: invalid session id
Build info: version: '4.20.0', revision: '866c76ca80'
System info: os.name: 'Windows 10', os.arch: 'amd64', os.version: '10.0', java.version: '17.0.1'
Driver info: org.openqa.selenium.chrome.ChromeDriver
Command: [1daabd89fc9641519d7da047fa98e8d3, screenshot {}]
Capabilities {acceptInsecureCerts: false, browserName: chrome, browserVersion: 150.0.7871.182, chrome: {chromedriverVersion: 150.0.7871.124 (9261fd0a595..., userDataDir: C:\WINDOWS\SystemTemp\scope...}, fedcm:accounts: true, goog:chromeOptions: {debuggerAddress: localhost:53982}, goog:processID: 3452, networkConnectionEnabled: false, pageLoadStrategy: normal, platformName: windows, proxy: Proxy(), se:cdp: ws://localhost:53982/devtoo..., se:cdpVersion: 150.0.7871.182, setWindowRect: true, strictFileInteractability: false, timeouts: {implicit: 0, pageLoad: 300000, script: 30000}, unhandledPromptBehavior: dismiss and notify, webauthn:extension:credBlob: true, webauthn:extension:largeBlob: true, webauthn:extension:minPinLength: true, webauthn:extension:prf: true, webauthn:virtualAuthenticators: true}
Session ID: 1daabd89fc9641519d7da047fa98e8d3
	at java.base/jdk.internal.reflect.NativeConstructorAccessorImpl.newInstance0(Native Method) ~[?:?]
	at java.base/jdk.internal.reflect.NativeConstructorAccessorImpl.newInstance(NativeConstructorAccessorImpl.java:77) ~[?:?]
	at java.base/jdk.internal.reflect.DelegatingConstructorAccessorImpl.newInstance(DelegatingConstructorAccessorImpl.java:45) ~[?:?]
	at java.base/java.lang.reflect.Constructor.newInstanceWithCaller(Constructor.java:499) ~[?:?]
	at java.base/java.lang.reflect.Constructor.newInstance(Constructor.java:480) ~[?:?]
	at org.openqa.selenium.remote.ErrorCodec.decode(ErrorCodec.java:167) ~[selenium-remote-driver-4.20.0.jar:?]
	at org.openqa.selenium.remote.codec.w3c.W3CHttpResponseCodec.decode(W3CHttpResponseCodec.java:138) ~[selenium-remote-driver-4.20.0.jar:?]
	at org.openqa.selenium.remote.codec.w3c.W3CHttpResponseCodec.decode(W3CHttpResponseCodec.java:50) ~[selenium-remote-driver-4.20.0.jar:?]
	at org.openqa.selenium.remote.HttpCommandExecutor.execute(HttpCommandExecutor.java:190) ~[selenium-remote-driver-4.20.0.jar:?]
	at org.openqa.selenium.remote.service.DriverCommandExecutor.invokeExecute(DriverCommandExecutor.java:216) ~[selenium-remote-driver-4.20.0.jar:?]
	at org.openqa.selenium.remote.service.DriverCommandExecutor.execute(DriverCommandExecutor.java:174) ~[selenium-remote-driver-4.20.0.jar:?]
	at org.openqa.selenium.remote.RemoteWebDriver.execute(RemoteWebDriver.java:518) ~[selenium-remote-driver-4.20.0.jar:?]
	at org.openqa.selenium.remote.RemoteWebDriver.execute(RemoteWebDriver.java:591) ~[selenium-remote-driver-4.20.0.jar:?]
	at org.openqa.selenium.remote.RemoteWebDriver.execute(RemoteWebDriver.java:595) ~[selenium-remote-driver-4.20.0.jar:?]
	at org.openqa.selenium.remote.RemoteWebDriver.getScreenshotAs(RemoteWebDriver.java:321) ~[selenium-remote-driver-4.20.0.jar:?]
	at com.amol.automation.utils.ScreenshotUtils.captureScreenshot(ScreenshotUtils.java:49) ~[classes/:?]
	at com.amol.automation.listeners.TestListener.onTestFailure(TestListener.java:65) ~[classes/:?]
	at org.testng.internal.TestListenerHelper.runTestListeners(TestListenerHelper.java:108) ~[org.testng_7.8.0.r202306071539.jar:7.8.0]
	at org.testng.internal.invokers.TestInvoker.runTestResultListener(TestInvoker.java:262) ~[org.testng_7.8.0.r202306071539.jar:7.8.0]
	at org.testng.internal.invokers.TestInvoker.invokeMethod(TestInvoker.java:751) ~[org.testng_7.8.0.r202306071539.jar:7.8.0]
	at org.testng.internal.invokers.TestInvoker.invokeTestMethod(TestInvoker.java:227) ~[org.testng_7.8.0.r202306071539.jar:7.8.0]
	at org.testng.internal.invokers.MethodRunner.runInSequence(MethodRunner.java:50) ~[org.testng_7.8.0.r202306071539.jar:7.8.0]
	at org.testng.internal.invokers.TestInvoker$MethodInvocationAgent.invoke(TestInvoker.java:957) ~[org.testng_7.8.0.r202306071539.jar:7.8.0]
	at org.testng.internal.invokers.TestInvoker.invokeTestMethods(TestInvoker.java:200) ~[org.testng_7.8.0.r202306071539.jar:7.8.0]
	at org.testng.internal.invokers.TestMethodWorker.invokeTestMethods(TestMethodWorker.java:148) ~[org.testng_7.8.0.r202306071539.jar:7.8.0]
	at org.testng.internal.invokers.TestMethodWorker.run(TestMethodWorker.java:128) ~[org.testng_7.8.0.r202306071539.jar:7.8.0]
	at java.base/java.util.ArrayList.forEach(ArrayList.java:1511) [?:?]
	at org.testng.TestRunner.privateRun(TestRunner.java:848) [org.testng_7.8.0.r202306071539.jar:7.8.0]
	at org.testng.TestRunner.run(TestRunner.java:621) [org.testng_7.8.0.r202306071539.jar:7.8.0]
	at org.testng.SuiteRunner.runTest(SuiteRunner.java:443) [org.testng_7.8.0.r202306071539.jar:7.8.0]
	at org.testng.SuiteRunner.runSequentially(SuiteRunner.java:437) [org.testng_7.8.0.r202306071539.jar:7.8.0]
	at org.testng.SuiteRunner.privateRun(SuiteRunner.java:397) [org.testng_7.8.0.r202306071539.jar:7.8.0]
	at org.testng.SuiteRunner.run(SuiteRunner.java:336) [org.testng_7.8.0.r202306071539.jar:7.8.0]
	at org.testng.SuiteRunnerWorker.runSuite(SuiteRunnerWorker.java:52) [org.testng_7.8.0.r202306071539.jar:7.8.0]
	at org.testng.SuiteRunnerWorker.run(SuiteRunnerWorker.java:95) [org.testng_7.8.0.r202306071539.jar:7.8.0]
	at org.testng.TestNG.runSuitesSequentially(TestNG.java:1280) [org.testng_7.8.0.r202306071539.jar:7.8.0]
	at org.testng.TestNG.runSuitesLocally(TestNG.java:1200) [org.testng_7.8.0.r202306071539.jar:7.8.0]
	at org.testng.TestNG.runSuites(TestNG.java:1114) [org.testng_7.8.0.r202306071539.jar:7.8.0]
	at org.testng.TestNG.run(TestNG.java:1082) [org.testng_7.8.0.r202306071539.jar:7.8.0]
	at org.testng.remote.AbstractRemoteTestNG.run(AbstractRemoteTestNG.java:115) [testng-remote.jar:?]
	at org.testng.remote.RemoteTestNG.initAndRun(RemoteTestNG.java:251) [testng-remote.jar:?]
	at org.testng.remote.RemoteTestNG.main(RemoteTestNG.java:77) [testng-remote.jar:?]
2026-07-25 10:26:26 INFO  [main] BaseTest - Cleaning test execution
2026-07-25 10:26:26 INFO  [main] DriverFactory - Closing browser
2026-07-25 10:26:26 INFO  [main] DriverFactory - Browser closed successfully
2026-07-25 10:26:26 INFO  [main] BaseTest - ========== Test Execution Completed ==========
2026-07-25 10:26:26 INFO  [main] BaseTest - ========== Starting Test : verifyEndToEndPurchaseFlow ==========
2026-07-25 10:26:26 INFO  [main] DriverFactory - Initializing browser : CHROME
2026-07-25 10:26:28 INFO  [main] DriverFactory - CHROME browser launched successfully
2026-07-25 10:26:28 INFO  [main] BaseTest - Opening application URL : https://www.saucedemo.com/
2026-07-25 10:26:31 INFO  [main] TestListener - Test Started : com.amol.automation.tests.EndToEndTest.verifyEndToEndPurchaseFlow
2026-07-25 10:26:31 INFO  [main] ExtentReportManager - Extent Test Created : com.amol.automation.tests.EndToEndTest.verifyEndToEndPurchaseFlow
2026-07-25 10:26:31 INFO  [main] EndToEndTest - ===== SauceDemo E2E Purchase Started =====
2026-07-25 10:26:31 INFO  [main] LoginPage - Starting login process
2026-07-25 10:26:31 INFO  [main] LoginPage - Entering username : problem_user
2026-07-25 10:26:31 INFO  [main] BasePage - Entering text : problem_user
2026-07-25 10:26:31 INFO  [main] LoginPage - Entering password
2026-07-25 10:26:31 INFO  [main] BasePage - Entering text : secret_sauce
2026-07-25 10:26:31 INFO  [main] LoginPage - Clicking Login button
2026-07-25 10:26:31 INFO  [main] BasePage - Clicking element : [[ChromeDriver: chrome on windows (fd8dedb68fbbad27a3139d0ed4c4dc57)] -> id: login-button]
2026-07-25 10:26:32 INFO  [main] LoginPage - Login successful
2026-07-25 10:26:32 INFO  [main] HomePage - Checking products page visibility
2026-07-25 10:26:32 INFO  [main] EndToEndTest - Login completed successfully
2026-07-25 10:26:32 INFO  [main] ProductPage - Getting product page title
2026-07-25 10:26:32 INFO  [main] BasePage - Getting text : Products
2026-07-25 10:26:32 INFO  [main] EndToEndTest - Products page verified
2026-07-25 10:26:32 INFO  [main] ProductPage - Adding Sauce Labs Backpack to cart
2026-07-25 10:26:32 INFO  [main] BasePage - Clicking element : [[ChromeDriver: chrome on windows (fd8dedb68fbbad27a3139d0ed4c4dc57)] -> id: add-to-cart-sauce-labs-backpack]
2026-07-25 10:30:55 INFO  [main] TestListener - ========== Test Execution Started ==========
2026-07-25 10:30:56 INFO  [main] ExtentReportManager - Extent Report Created : C:\Users\HP\Desktop\Project\selenium-testng-framework\reports\AutomationReport_20260725_103055.html
2026-07-25 10:30:56 INFO  [main] ExcelUtils - Reading Excel file : src/main/resources/testdata/LoginData.xlsx
2026-07-25 10:30:57 INFO  [main] ExcelUtils - Excel data loaded successfully
2026-07-25 10:30:57 INFO  [main] BaseTest - ========== Starting Test : verifyEndToEndPurchaseFlow ==========
2026-07-25 10:30:57 INFO  [main] ConfigReader - Loading config.properties file
2026-07-25 10:30:57 INFO  [main] ConfigReader - Configuration loaded successfully
2026-07-25 10:30:57 INFO  [main] DriverFactory - Initializing browser : CHROME
2026-07-25 10:30:59 INFO  [main] DriverFactory - CHROME browser launched successfully
2026-07-25 10:30:59 INFO  [main] BaseTest - Opening application URL : https://www.saucedemo.com/
2026-07-25 10:31:02 INFO  [main] TestListener - Test Started : com.amol.automation.tests.EndToEndTest.verifyEndToEndPurchaseFlow
2026-07-25 10:31:02 INFO  [main] ExtentReportManager - Extent Test Created : com.amol.automation.tests.EndToEndTest.verifyEndToEndPurchaseFlow
2026-07-25 10:31:02 INFO  [main] EndToEndTest - ===== SauceDemo E2E Purchase Started =====
2026-07-25 10:31:02 INFO  [main] LoginPage - Starting login process
2026-07-25 10:31:02 INFO  [main] LoginPage - Entering username : standard_user
2026-07-25 10:31:02 INFO  [main] BasePage - Entering text : standard_user
2026-07-25 10:31:02 INFO  [main] LoginPage - Entering password
2026-07-25 10:31:02 INFO  [main] BasePage - Entering text : secret_sauce
2026-07-25 10:31:03 INFO  [main] LoginPage - Clicking Login button
2026-07-25 10:31:03 INFO  [main] BasePage - Clicking element : [[ChromeDriver: chrome on windows (5e80ae746a5d66e25e20a272cf8925e6)] -> id: login-button]
2026-07-25 10:31:03 INFO  [main] LoginPage - Login successful
2026-07-25 10:31:03 INFO  [main] HomePage - Checking products page visibility
2026-07-25 10:31:03 INFO  [main] EndToEndTest - Login completed successfully
2026-07-25 10:31:03 INFO  [main] ProductPage - Getting product page title
2026-07-25 10:31:03 INFO  [main] BasePage - Getting text : Products
2026-07-25 10:31:03 INFO  [main] EndToEndTest - Products page verified
2026-07-25 10:31:03 INFO  [main] ProductPage - Adding Sauce Labs Backpack to cart
2026-07-25 10:31:03 INFO  [main] BasePage - Clicking element : [[ChromeDriver: chrome on windows (5e80ae746a5d66e25e20a272cf8925e6)] -> id: add-to-cart-sauce-labs-backpack]
2026-07-25 10:31:03 INFO  [main] ProductPage - Getting cart count
2026-07-25 10:31:34 ERROR [main] TestListener - Test Failed : verifyEndToEndPurchaseFlow
2026-07-25 10:31:34 INFO  [main] ScreenshotUtils - Screenshot captured successfully : C:\Users\HP\Desktop\Project\selenium-testng-framework\screenshots\verifyEndToEndPurchaseFlow_20260725_103134.png
2026-07-25 10:31:34 INFO  [main] BaseTest - Cleaning test execution
2026-07-25 10:31:34 INFO  [main] DriverFactory - Closing browser
2026-07-25 10:31:35 INFO  [main] DriverFactory - Browser closed successfully
2026-07-25 10:31:35 INFO  [main] BaseTest - ========== Test Execution Completed ==========
2026-07-25 10:31:35 INFO  [main] BaseTest - ========== Starting Test : verifyEndToEndPurchaseFlow ==========
2026-07-25 10:31:35 INFO  [main] DriverFactory - Initializing browser : CHROME
2026-07-25 10:31:36 INFO  [main] DriverFactory - CHROME browser launched successfully
2026-07-25 10:31:36 INFO  [main] BaseTest - Opening application URL : https://www.saucedemo.com/
2026-07-25 10:31:38 INFO  [main] TestListener - Test Started : com.amol.automation.tests.EndToEndTest.verifyEndToEndPurchaseFlow
2026-07-25 10:31:38 INFO  [main] ExtentReportManager - Extent Test Created : com.amol.automation.tests.EndToEndTest.verifyEndToEndPurchaseFlow
2026-07-25 10:31:38 INFO  [main] EndToEndTest - ===== SauceDemo E2E Purchase Started =====
2026-07-25 10:31:38 INFO  [main] LoginPage - Starting login process
2026-07-25 10:31:38 INFO  [main] LoginPage - Entering username : 
2026-07-25 10:31:38 INFO  [main] BasePage - Entering text : 
2026-07-25 10:31:39 INFO  [main] LoginPage - Entering password
2026-07-25 10:31:39 INFO  [main] BasePage - Entering text : 
2026-07-25 10:31:39 INFO  [main] LoginPage - Clicking Login button
2026-07-25 10:31:39 INFO  [main] BasePage - Clicking element : [[ChromeDriver: chrome on windows (0dcee4818bd03a905bb0f3e60c19ea59)] -> id: login-button]
2026-07-25 10:31:39 INFO  [main] LoginPage - Login successful
2026-07-25 10:31:39 INFO  [main] HomePage - Checking products page visibility
2026-07-25 11:08:55 INFO  [main] TestListener - ========== Test Execution Started ==========
2026-07-25 11:08:56 INFO  [main] ExtentReportManager - Extent Report Created : C:\Users\HP\Desktop\Project\selenium-testng-framework\reports\AutomationReport_20260725_110855.html
2026-07-25 11:08:56 INFO  [main] ExcelUtils - Reading Excel file : src/main/resources/testdata/LoginData.xlsx
2026-07-25 11:08:57 INFO  [main] ExcelUtils - Excel data loaded successfully
2026-07-25 11:08:57 INFO  [main] BaseTest - ========== Starting Test : verifyEndToEndPurchaseFlow ==========
2026-07-25 11:08:57 INFO  [main] ConfigReader - Loading config.properties file
2026-07-25 11:08:57 INFO  [main] ConfigReader - Configuration loaded successfully
2026-07-25 11:08:57 INFO  [main] DriverFactory - Initializing browser : CHROME
2026-07-25 11:08:59 INFO  [main] DriverFactory - CHROME browser launched successfully
2026-07-25 11:08:59 INFO  [main] BaseTest - Opening application URL : https://www.saucedemo.com/
2026-07-25 11:09:03 INFO  [main] TestListener - Test Started : com.amol.automation.tests.EndToEndTest.verifyEndToEndPurchaseFlow
2026-07-25 11:09:03 INFO  [main] ExtentReportManager - Extent Test Created : com.amol.automation.tests.EndToEndTest.verifyEndToEndPurchaseFlow
2026-07-25 11:09:03 INFO  [main] EndToEndTest - ===== SauceDemo E2E Purchase Started =====
2026-07-25 11:09:03 INFO  [main] LoginPage - Starting login process
2026-07-25 11:09:03 INFO  [main] LoginPage - Entering username : standard_user
2026-07-25 11:09:03 INFO  [main] BasePage - Entering text : standard_user
2026-07-25 11:09:03 INFO  [main] LoginPage - Entering password
2026-07-25 11:09:03 INFO  [main] BasePage - Entering text : secret_sauce
2026-07-25 11:09:03 INFO  [main] LoginPage - Clicking Login button
2026-07-25 11:09:03 INFO  [main] BasePage - Clicking element : [[ChromeDriver: chrome on windows (c120136a85cf5707ef15be587a7b7903)] -> id: login-button]
2026-07-25 11:09:04 INFO  [main] LoginPage - Login successful
2026-07-25 11:09:04 INFO  [main] HomePage - Checking products page visibility
2026-07-25 11:09:04 INFO  [main] EndToEndTest - Login completed successfully
2026-07-25 11:09:04 INFO  [main] ProductPage - Getting product page title
2026-07-25 11:09:04 INFO  [main] BasePage - Getting text : Products
2026-07-25 11:09:04 INFO  [main] EndToEndTest - Products page verified
2026-07-25 11:09:04 INFO  [main] ProductPage - Adding Sauce Labs Backpack to cart
2026-07-25 11:09:04 INFO  [main] BasePage - Clicking element : [[ChromeDriver: chrome on windows (c120136a85cf5707ef15be587a7b7903)] -> id: add-to-cart-sauce-labs-backpack]
2026-07-25 11:09:04 INFO  [main] ProductPage - Getting cart count
2026-07-25 11:09:04 INFO  [main] BasePage - Getting text : 1
2026-07-25 11:09:04 INFO  [main] EndToEndTest - Product added to cart
2026-07-25 11:09:04 INFO  [main] ProductPage - Opening cart page
2026-07-25 11:09:04 INFO  [main] BasePage - Clicking element : [[ChromeDriver: chrome on windows (c120136a85cf5707ef15be587a7b7903)] -> class name: shopping_cart_link]
2026-07-25 11:09:04 INFO  [main] CartPage - Getting cart title
2026-07-25 11:09:04 INFO  [main] BasePage - Getting text : Products
2026-07-25 11:09:04 ERROR [main] TestListener - Test Failed : verifyEndToEndPurchaseFlow
2026-07-25 11:09:05 INFO  [main] ScreenshotUtils - Screenshot captured successfully : C:\Users\HP\Desktop\Project\selenium-testng-framework\screenshots\verifyEndToEndPurchaseFlow_20260725_110904.png
2026-07-25 11:09:05 INFO  [main] BaseTest - Cleaning test execution
2026-07-25 11:09:05 INFO  [main] DriverFactory - Closing browser
2026-07-25 11:09:05 INFO  [main] DriverFactory - Browser closed successfully
2026-07-25 11:09:05 INFO  [main] BaseTest - ========== Test Execution Completed ==========
2026-07-25 11:09:05 INFO  [main] BaseTest - ========== Starting Test : verifyEndToEndPurchaseFlow ==========
2026-07-25 11:09:05 INFO  [main] DriverFactory - Initializing browser : CHROME
2026-07-25 11:09:06 INFO  [main] DriverFactory - CHROME browser launched successfully
2026-07-25 11:09:06 INFO  [main] BaseTest - Opening application URL : https://www.saucedemo.com/
2026-07-25 11:09:09 INFO  [main] TestListener - Test Started : com.amol.automation.tests.EndToEndTest.verifyEndToEndPurchaseFlow
2026-07-25 11:09:09 INFO  [main] ExtentReportManager - Extent Test Created : com.amol.automation.tests.EndToEndTest.verifyEndToEndPurchaseFlow
2026-07-25 11:09:09 INFO  [main] EndToEndTest - ===== SauceDemo E2E Purchase Started =====
2026-07-25 11:09:09 INFO  [main] LoginPage - Starting login process
2026-07-25 11:09:09 INFO  [main] LoginPage - Entering username : 
2026-07-25 11:09:09 INFO  [main] BasePage - Entering text : 
2026-07-25 11:09:09 INFO  [main] LoginPage - Entering password
2026-07-25 11:09:09 INFO  [main] BasePage - Entering text : 
2026-07-25 11:09:09 INFO  [main] LoginPage - Clicking Login button
2026-07-25 11:09:09 INFO  [main] BasePage - Clicking element : [[ChromeDriver: chrome on windows (660f2637df6d0e681cf6e6a9ab16b837)] -> id: login-button]
2026-07-25 11:09:10 INFO  [main] LoginPage - Login successful
2026-07-25 11:09:10 INFO  [main] HomePage - Checking products page visibility
2026-07-25 11:53:38 INFO  [main] TestListener - ========== Test Execution Started ==========
2026-07-25 11:53:38 INFO  [main] ExtentReportManager - Extent Report Created : C:\Users\HP\Desktop\Project\selenium-testng-framework\reports\AutomationReport_20260725_115338.html
2026-07-25 11:53:38 INFO  [TestNG-test=Login Test-1] ExcelUtils - Reading Excel file : src/main/resources/testdata/LoginData.xlsx
2026-07-25 11:53:39 INFO  [TestNG-test=Login Test-1] ExcelUtils - Excel data loaded successfully
2026-07-25 11:53:39 INFO  [TestNG-test=Login Test-1] BaseTest - ========== Starting Test : verifyLogin ==========
2026-07-25 11:53:39 INFO  [TestNG-test=Login Test-1] ConfigReader - Loading config.properties file
2026-07-25 11:53:39 INFO  [TestNG-test=Login Test-1] ConfigReader - Configuration loaded successfully
2026-07-25 11:53:39 INFO  [TestNG-test=Login Test-1] DriverFactory - Initializing browser : CHROME
2026-07-25 11:53:43 INFO  [TestNG-test=Login Test-1] DriverFactory - CHROME browser launched successfully
2026-07-25 11:53:43 INFO  [TestNG-test=Login Test-1] BaseTest - Opening application URL : https://www.saucedemo.com/
2026-07-25 11:53:47 INFO  [TestNG-test=Login Test-1] TestListener - Test Started : com.amol.automation.tests.LoginTest.verifyLogin
2026-07-25 11:53:47 INFO  [TestNG-test=Login Test-1] ExtentReportManager - Extent Test Created : com.amol.automation.tests.LoginTest.verifyLogin
2026-07-25 11:53:47 INFO  [TestNG-test=Login Test-1] LoginTest - ===== Login Test Started =====
2026-07-25 11:53:47 INFO  [TestNG-test=Login Test-1] LoginTest - Login attempt with user : standard_user
2026-07-25 11:53:47 INFO  [TestNG-test=Login Test-1] LoginPage - Starting login process
2026-07-25 11:53:47 INFO  [TestNG-test=Login Test-1] LoginPage - Entering username
2026-07-25 11:53:47 INFO  [TestNG-test=Login Test-1] BasePage - Entering text into element
2026-07-25 11:53:47 INFO  [TestNG-test=Login Test-1] LoginPage - Entering password
2026-07-25 11:53:47 INFO  [TestNG-test=Login Test-1] BasePage - Entering text into element
2026-07-25 11:53:48 INFO  [TestNG-test=Login Test-1] LoginPage - Clicking Login button
2026-07-25 11:53:48 INFO  [TestNG-test=Login Test-1] BasePage - Clicking element
2026-07-25 11:53:48 INFO  [TestNG-test=Login Test-1] LoginPage - Login successful
2026-07-25 11:53:48 INFO  [TestNG-test=Login Test-1] HomePage - Checking products page visibility
2026-07-25 11:53:48 INFO  [TestNG-test=Login Test-1] HomePage - Getting page title
2026-07-25 11:53:48 INFO  [TestNG-test=Login Test-1] BasePage - Getting text from element
2026-07-25 11:53:48 INFO  [TestNG-test=Login Test-1] HomePage - Checking menu visibility
2026-07-25 11:53:48 INFO  [TestNG-test=Login Test-1] LoginTest - Login successful for user : standard_user
2026-07-25 11:53:48 INFO  [TestNG-test=Login Test-1] LoginTest - ===== Login Test Completed =====
2026-07-25 11:53:48 INFO  [TestNG-test=Login Test-1] TestListener - Test Passed : verifyLogin
2026-07-25 11:53:48 INFO  [TestNG-test=Login Test-1] BaseTest - Cleaning test execution
2026-07-25 11:53:48 INFO  [TestNG-test=Login Test-1] DriverFactory - Closing browser
2026-07-25 11:53:49 INFO  [TestNG-test=Login Test-1] DriverFactory - Browser closed successfully
2026-07-25 11:53:49 INFO  [TestNG-test=Login Test-1] BaseTest - ========== Test Execution Completed ==========
2026-07-25 11:53:49 INFO  [TestNG-test=Login Test-1] BaseTest - ========== Starting Test : verifyLogin ==========
2026-07-25 11:53:49 INFO  [TestNG-test=Login Test-1] DriverFactory - Initializing browser : CHROME
2026-07-25 11:53:50 INFO  [TestNG-test=Login Test-1] DriverFactory - CHROME browser launched successfully
2026-07-25 11:53:50 INFO  [TestNG-test=Login Test-1] BaseTest - Opening application URL : https://www.saucedemo.com/
2026-07-25 11:53:53 INFO  [TestNG-test=Login Test-1] TestListener - Test Started : com.amol.automation.tests.LoginTest.verifyLogin
2026-07-25 11:53:53 INFO  [TestNG-test=Login Test-1] ExtentReportManager - Extent Test Created : com.amol.automation.tests.LoginTest.verifyLogin
2026-07-25 11:53:53 INFO  [TestNG-test=Login Test-1] LoginTest - ===== Login Test Started =====
2026-07-25 11:53:53 INFO  [TestNG-test=Login Test-1] LoginTest - Login attempt with user : locked_out_user
2026-07-25 11:53:53 INFO  [TestNG-test=Login Test-1] LoginPage - Starting login process
2026-07-25 11:53:53 INFO  [TestNG-test=Login Test-1] LoginPage - Entering username
2026-07-25 11:53:53 INFO  [TestNG-test=Login Test-1] BasePage - Entering text into element
2026-07-25 11:53:54 INFO  [TestNG-test=Login Test-1] LoginPage - Entering password
2026-07-25 11:53:54 INFO  [TestNG-test=Login Test-1] BasePage - Entering text into element
2026-07-25 11:53:54 INFO  [TestNG-test=Login Test-1] LoginPage - Clicking Login button
2026-07-25 11:53:54 INFO  [TestNG-test=Login Test-1] BasePage - Clicking element
2026-07-25 11:53:54 INFO  [TestNG-test=Login Test-1] LoginPage - Login successful
2026-07-25 11:53:54 INFO  [TestNG-test=Login Test-1] HomePage - Checking products page visibility
2026-07-25 11:54:25 ERROR [TestNG-test=Login Test-1] TestListener - Test Failed : LoginTest_verifyLogin
2026-07-25 11:54:25 INFO  [TestNG-test=Login Test-1] ScreenshotUtils - Screenshot captured successfully : C:\Users\HP\Desktop\Project\selenium-testng-framework\screenshots\LoginTest_verifyLogin_20260725_115425.png
2026-07-25 11:54:25 INFO  [TestNG-test=Login Test-1] BaseTest - Cleaning test execution
2026-07-25 11:54:25 INFO  [TestNG-test=Login Test-1] DriverFactory - Closing browser
2026-07-25 11:54:25 INFO  [TestNG-test=Login Test-1] DriverFactory - Browser closed successfully
2026-07-25 11:54:25 INFO  [TestNG-test=Login Test-1] BaseTest - ========== Test Execution Completed ==========
2026-07-25 11:54:25 INFO  [TestNG-test=Login Test-1] BaseTest - ========== Starting Test : verifyLogin ==========
2026-07-25 11:54:25 INFO  [TestNG-test=Login Test-1] DriverFactory - Initializing browser : CHROME
2026-07-25 11:54:28 INFO  [TestNG-test=Login Test-1] DriverFactory - CHROME browser launched successfully
2026-07-25 11:54:28 INFO  [TestNG-test=Login Test-1] BaseTest - Opening application URL : https://www.saucedemo.com/
2026-07-25 11:54:31 INFO  [TestNG-test=Login Test-1] TestListener - Test Started : com.amol.automation.tests.LoginTest.verifyLogin
2026-07-25 11:54:31 INFO  [TestNG-test=Login Test-1] ExtentReportManager - Extent Test Created : com.amol.automation.tests.LoginTest.verifyLogin
2026-07-25 11:54:31 INFO  [TestNG-test=Login Test-1] LoginTest - ===== Login Test Started =====
2026-07-25 11:54:31 INFO  [TestNG-test=Login Test-1] LoginTest - Login attempt with user : invalid_user
2026-07-25 11:54:31 INFO  [TestNG-test=Login Test-1] LoginPage - Starting login process
2026-07-25 11:54:31 INFO  [TestNG-test=Login Test-1] LoginPage - Entering username
2026-07-25 11:54:31 INFO  [TestNG-test=Login Test-1] BasePage - Entering text into element
2026-07-25 11:54:32 INFO  [TestNG-test=Login Test-1] LoginPage - Entering password
2026-07-25 11:54:32 INFO  [TestNG-test=Login Test-1] BasePage - Entering text into element
2026-07-25 11:54:32 INFO  [TestNG-test=Login Test-1] LoginPage - Clicking Login button
2026-07-25 11:54:32 INFO  [TestNG-test=Login Test-1] BasePage - Clicking element
2026-07-25 11:54:32 INFO  [TestNG-test=Login Test-1] LoginPage - Login successful
2026-07-25 11:54:32 INFO  [TestNG-test=Login Test-1] HomePage - Checking products page visibility
2026-07-25 11:55:03 ERROR [TestNG-test=Login Test-1] TestListener - Test Failed : LoginTest_verifyLogin
2026-07-25 11:55:03 INFO  [TestNG-test=Login Test-1] ScreenshotUtils - Screenshot captured successfully : C:\Users\HP\Desktop\Project\selenium-testng-framework\screenshots\LoginTest_verifyLogin_20260725_115503.png
2026-07-25 11:55:03 INFO  [TestNG-test=Login Test-1] BaseTest - Cleaning test execution
2026-07-25 11:55:03 INFO  [TestNG-test=Login Test-1] DriverFactory - Closing browser
2026-07-25 11:55:03 INFO  [TestNG-test=Login Test-1] DriverFactory - Browser closed successfully
2026-07-25 11:55:03 INFO  [TestNG-test=Login Test-1] BaseTest - ========== Test Execution Completed ==========
2026-07-25 11:55:03 INFO  [TestNG-test=Login Test-1] BaseTest - ========== Starting Test : verifyLogin ==========
2026-07-25 11:55:03 INFO  [TestNG-test=Login Test-1] DriverFactory - Initializing browser : CHROME
2026-07-25 11:55:05 INFO  [TestNG-test=Login Test-1] DriverFactory - CHROME browser launched successfully
2026-07-25 11:55:05 INFO  [TestNG-test=Login Test-1] BaseTest - Opening application URL : https://www.saucedemo.com/
2026-07-25 11:55:08 INFO  [TestNG-test=Login Test-1] TestListener - Test Started : com.amol.automation.tests.LoginTest.verifyLogin
2026-07-25 11:55:08 INFO  [TestNG-test=Login Test-1] ExtentReportManager - Extent Test Created : com.amol.automation.tests.LoginTest.verifyLogin
2026-07-25 11:55:08 INFO  [TestNG-test=Login Test-1] LoginTest - ===== Login Test Started =====
2026-07-25 11:55:08 INFO  [TestNG-test=Login Test-1] LoginTest - Login attempt with user : 
2026-07-25 11:55:08 INFO  [TestNG-test=Login Test-1] LoginPage - Starting login process
2026-07-25 11:55:08 INFO  [TestNG-test=Login Test-1] LoginPage - Entering username
2026-07-25 11:55:08 INFO  [TestNG-test=Login Test-1] BasePage - Entering text into element
2026-07-25 11:55:08 INFO  [TestNG-test=Login Test-1] LoginPage - Entering password
2026-07-25 11:55:08 INFO  [TestNG-test=Login Test-1] BasePage - Entering text into element
2026-07-25 11:55:08 INFO  [TestNG-test=Login Test-1] LoginPage - Clicking Login button
2026-07-25 11:55:08 INFO  [TestNG-test=Login Test-1] BasePage - Clicking element
2026-07-25 11:55:09 INFO  [TestNG-test=Login Test-1] LoginPage - Login successful
2026-07-25 11:55:09 INFO  [TestNG-test=Login Test-1] HomePage - Checking products page visibility
2026-07-25 11:55:39 ERROR [TestNG-test=Login Test-1] TestListener - Test Failed : LoginTest_verifyLogin
2026-07-25 11:55:40 INFO  [TestNG-test=Login Test-1] ScreenshotUtils - Screenshot captured successfully : C:\Users\HP\Desktop\Project\selenium-testng-framework\screenshots\LoginTest_verifyLogin_20260725_115539.png
2026-07-25 11:55:40 INFO  [TestNG-test=Login Test-1] BaseTest - Cleaning test execution
2026-07-25 11:55:40 INFO  [TestNG-test=Login Test-1] DriverFactory - Closing browser
2026-07-25 11:55:40 INFO  [TestNG-test=Login Test-1] DriverFactory - Browser closed successfully
2026-07-25 11:55:40 INFO  [TestNG-test=Login Test-1] BaseTest - ========== Test Execution Completed ==========
2026-07-25 11:55:40 INFO  [main] TestListener - ========== Test Execution Completed ==========
2026-07-25 11:55:41 INFO  [main] ExtentReportManager - Extent Report flushed
2026-07-25 11:55:41 INFO  [main] TestListener - ========== Test Execution Started ==========
2026-07-25 11:55:41 INFO  [main] TestListener - ========== Test Execution Completed ==========
2026-07-25 11:55:41 INFO  [main] ExtentReportManager - Extent Report flushed
2026-07-25 12:01:07 INFO  [main] TestListener - ========== Test Execution Started ==========
2026-07-25 12:01:08 INFO  [main] ExtentReportManager - Extent Report Created : C:\Users\HP\Desktop\Project\selenium-testng-framework\reports\AutomationReport_20260725_120107.html
2026-07-25 12:01:08 INFO  [TestNG-test=Login Test-1] ExcelUtils - Reading Excel file : src/main/resources/testdata/LoginData.xlsx
2026-07-25 12:01:09 INFO  [TestNG-test=Login Test-1] ExcelUtils - Excel data loaded successfully
2026-07-25 12:01:09 INFO  [TestNG-test=Login Test-1] BaseTest - ========== Starting Test : verifyLogin ==========
2026-07-25 12:01:09 INFO  [TestNG-test=Login Test-1] ConfigReader - Loading config.properties file
2026-07-25 12:01:09 INFO  [TestNG-test=Login Test-1] ConfigReader - Configuration loaded successfully
2026-07-25 12:01:09 INFO  [TestNG-test=Login Test-1] DriverFactory - Initializing browser : CHROME
2026-07-25 12:01:11 INFO  [TestNG-test=Login Test-1] DriverFactory - CHROME browser launched successfully
2026-07-25 12:01:11 INFO  [TestNG-test=Login Test-1] BaseTest - Opening application URL : https://www.saucedemo.com/
2026-07-25 12:01:15 INFO  [TestNG-test=Login Test-1] TestListener - Test Started : com.amol.automation.tests.LoginTest.verifyLogin
2026-07-25 12:01:15 INFO  [TestNG-test=Login Test-1] ExtentReportManager - Extent Test Created : com.amol.automation.tests.LoginTest.verifyLogin
2026-07-25 12:01:15 INFO  [TestNG-test=Login Test-1] LoginTest - ===== Login Test Started =====
2026-07-25 12:01:15 INFO  [TestNG-test=Login Test-1] LoginTest - Login attempt with user : standard_user
2026-07-25 12:01:15 INFO  [TestNG-test=Login Test-1] LoginPage - Starting login process
2026-07-25 12:01:15 INFO  [TestNG-test=Login Test-1] LoginPage - Entering username
2026-07-25 12:01:15 INFO  [TestNG-test=Login Test-1] BasePage - Entering text into element
2026-07-25 12:01:15 INFO  [TestNG-test=Login Test-1] LoginPage - Entering password
2026-07-25 12:01:15 INFO  [TestNG-test=Login Test-1] BasePage - Entering text into element
2026-07-25 12:01:16 INFO  [TestNG-test=Login Test-1] LoginPage - Clicking Login button
2026-07-25 12:01:16 INFO  [TestNG-test=Login Test-1] BasePage - Clicking element
2026-07-25 12:01:16 INFO  [TestNG-test=Login Test-1] LoginPage - Login successful
2026-07-25 12:01:16 INFO  [TestNG-test=Login Test-1] HomePage - Checking products page visibility
2026-07-25 12:01:16 INFO  [TestNG-test=Login Test-1] HomePage - Getting page title
2026-07-25 12:01:16 INFO  [TestNG-test=Login Test-1] BasePage - Getting text from element
2026-07-25 12:01:16 INFO  [TestNG-test=Login Test-1] HomePage - Checking menu visibility
2026-07-25 12:01:16 INFO  [TestNG-test=Login Test-1] LoginTest - Login successful for user : standard_user
2026-07-25 12:01:16 INFO  [TestNG-test=Login Test-1] LoginTest - ===== Login Test Completed =====
2026-07-25 12:01:16 INFO  [TestNG-test=Login Test-1] TestListener - Test Passed : verifyLogin
2026-07-25 12:01:16 INFO  [TestNG-test=Login Test-1] BaseTest - Cleaning test execution
2026-07-25 12:01:16 INFO  [TestNG-test=Login Test-1] DriverFactory - Closing browser
2026-07-25 12:01:17 INFO  [TestNG-test=Login Test-1] DriverFactory - Browser closed successfully
2026-07-25 12:01:17 INFO  [TestNG-test=Login Test-1] BaseTest - ========== Test Execution Completed ==========
2026-07-25 12:01:17 INFO  [TestNG-test=Login Test-1] BaseTest - ========== Starting Test : verifyLogin ==========
2026-07-25 12:01:17 INFO  [TestNG-test=Login Test-1] DriverFactory - Initializing browser : CHROME
2026-07-25 12:01:18 INFO  [TestNG-test=Login Test-1] DriverFactory - CHROME browser launched successfully
2026-07-25 12:01:18 INFO  [TestNG-test=Login Test-1] BaseTest - Opening application URL : https://www.saucedemo.com/
2026-07-25 12:01:21 INFO  [TestNG-test=Login Test-1] TestListener - Test Started : com.amol.automation.tests.LoginTest.verifyLogin
2026-07-25 12:01:21 INFO  [TestNG-test=Login Test-1] ExtentReportManager - Extent Test Created : com.amol.automation.tests.LoginTest.verifyLogin
2026-07-25 12:01:21 INFO  [TestNG-test=Login Test-1] LoginTest - ===== Login Test Started =====
2026-07-25 12:01:21 INFO  [TestNG-test=Login Test-1] LoginTest - Login attempt with user : locked_out_user
2026-07-25 12:01:21 INFO  [TestNG-test=Login Test-1] LoginPage - Starting login process
2026-07-25 12:01:21 INFO  [TestNG-test=Login Test-1] LoginPage - Entering username
2026-07-25 12:01:21 INFO  [TestNG-test=Login Test-1] BasePage - Entering text into element
2026-07-25 12:01:21 INFO  [TestNG-test=Login Test-1] LoginPage - Entering password
2026-07-25 12:01:21 INFO  [TestNG-test=Login Test-1] BasePage - Entering text into element
2026-07-25 12:01:22 INFO  [TestNG-test=Login Test-1] LoginPage - Clicking Login button
2026-07-25 12:01:22 INFO  [TestNG-test=Login Test-1] BasePage - Clicking element
2026-07-25 12:01:22 INFO  [TestNG-test=Login Test-1] LoginPage - Login successful
2026-07-25 12:01:22 INFO  [TestNG-test=Login Test-1] HomePage - Checking products page visibility
2026-07-25 12:01:53 ERROR [TestNG-test=Login Test-1] TestListener - Test Failed : LoginTest_verifyLogin
2026-07-25 12:01:53 INFO  [TestNG-test=Login Test-1] ScreenshotUtils - Screenshot captured successfully : C:\Users\HP\Desktop\Project\selenium-testng-framework\screenshots\LoginTest_verifyLogin_20260725_120153.png
2026-07-25 12:01:53 INFO  [TestNG-test=Login Test-1] BaseTest - Cleaning test execution
2026-07-25 12:01:53 INFO  [TestNG-test=Login Test-1] DriverFactory - Closing browser
2026-07-25 12:01:53 INFO  [TestNG-test=Login Test-1] DriverFactory - Browser closed successfully
2026-07-25 12:01:53 INFO  [TestNG-test=Login Test-1] BaseTest - ========== Test Execution Completed ==========
2026-07-25 12:01:53 INFO  [TestNG-test=Login Test-1] BaseTest - ========== Starting Test : verifyLogin ==========
2026-07-25 12:01:53 INFO  [TestNG-test=Login Test-1] DriverFactory - Initializing browser : CHROME
2026-07-25 12:01:55 INFO  [TestNG-test=Login Test-1] DriverFactory - CHROME browser launched successfully
2026-07-25 12:01:55 INFO  [TestNG-test=Login Test-1] BaseTest - Opening application URL : https://www.saucedemo.com/
2026-07-25 12:01:58 INFO  [TestNG-test=Login Test-1] TestListener - Test Started : com.amol.automation.tests.LoginTest.verifyLogin
2026-07-25 12:01:58 INFO  [TestNG-test=Login Test-1] ExtentReportManager - Extent Test Created : com.amol.automation.tests.LoginTest.verifyLogin
2026-07-25 12:01:58 INFO  [TestNG-test=Login Test-1] LoginTest - ===== Login Test Started =====
2026-07-25 12:01:58 INFO  [TestNG-test=Login Test-1] LoginTest - Login attempt with user : invalid_user
2026-07-25 12:01:58 INFO  [TestNG-test=Login Test-1] LoginPage - Starting login process
2026-07-25 12:01:58 INFO  [TestNG-test=Login Test-1] LoginPage - Entering username
2026-07-25 12:01:58 INFO  [TestNG-test=Login Test-1] BasePage - Entering text into element
2026-07-25 12:01:58 INFO  [TestNG-test=Login Test-1] LoginPage - Entering password
2026-07-25 12:01:58 INFO  [TestNG-test=Login Test-1] BasePage - Entering text into element
2026-07-25 12:01:59 INFO  [TestNG-test=Login Test-1] LoginPage - Clicking Login button
2026-07-25 12:01:59 INFO  [TestNG-test=Login Test-1] BasePage - Clicking element
2026-07-25 12:01:59 INFO  [TestNG-test=Login Test-1] LoginPage - Login successful
2026-07-25 12:01:59 INFO  [TestNG-test=Login Test-1] HomePage - Checking products page visibility
2026-07-25 12:02:29 ERROR [TestNG-test=Login Test-1] TestListener - Test Failed : LoginTest_verifyLogin
2026-07-25 12:02:30 INFO  [TestNG-test=Login Test-1] ScreenshotUtils - Screenshot captured successfully : C:\Users\HP\Desktop\Project\selenium-testng-framework\screenshots\LoginTest_verifyLogin_20260725_120229.png
2026-07-25 12:02:30 INFO  [TestNG-test=Login Test-1] BaseTest - Cleaning test execution
2026-07-25 12:02:30 INFO  [TestNG-test=Login Test-1] DriverFactory - Closing browser
2026-07-25 12:02:30 INFO  [TestNG-test=Login Test-1] DriverFactory - Browser closed successfully
2026-07-25 12:02:30 INFO  [TestNG-test=Login Test-1] BaseTest - ========== Test Execution Completed ==========
2026-07-25 12:02:30 INFO  [TestNG-test=Login Test-1] BaseTest - ========== Starting Test : verifyLogin ==========
2026-07-25 12:02:30 INFO  [TestNG-test=Login Test-1] DriverFactory - Initializing browser : CHROME
2026-07-25 12:02:31 INFO  [TestNG-test=Login Test-1] DriverFactory - CHROME browser launched successfully
2026-07-25 12:02:31 INFO  [TestNG-test=Login Test-1] BaseTest - Opening application URL : https://www.saucedemo.com/
2026-07-25 12:02:34 INFO  [TestNG-test=Login Test-1] TestListener - Test Started : com.amol.automation.tests.LoginTest.verifyLogin
2026-07-25 12:02:34 INFO  [TestNG-test=Login Test-1] ExtentReportManager - Extent Test Created : com.amol.automation.tests.LoginTest.verifyLogin
2026-07-25 12:02:34 INFO  [TestNG-test=Login Test-1] LoginTest - ===== Login Test Started =====
2026-07-25 12:02:34 INFO  [TestNG-test=Login Test-1] LoginTest - Login attempt with user : 
2026-07-25 12:02:34 INFO  [TestNG-test=Login Test-1] LoginPage - Starting login process
2026-07-25 12:02:34 INFO  [TestNG-test=Login Test-1] LoginPage - Entering username
2026-07-25 12:02:34 INFO  [TestNG-test=Login Test-1] BasePage - Entering text into element
2026-07-25 12:02:35 INFO  [TestNG-test=Login Test-1] LoginPage - Entering password
2026-07-25 12:02:35 INFO  [TestNG-test=Login Test-1] BasePage - Entering text into element
2026-07-25 12:02:35 INFO  [TestNG-test=Login Test-1] LoginPage - Clicking Login button
2026-07-25 12:02:35 INFO  [TestNG-test=Login Test-1] BasePage - Clicking element
2026-07-25 12:02:35 INFO  [TestNG-test=Login Test-1] LoginPage - Login successful
2026-07-25 12:02:35 INFO  [TestNG-test=Login Test-1] HomePage - Checking products page visibility
2026-07-25 12:03:06 ERROR [TestNG-test=Login Test-1] TestListener - Test Failed : LoginTest_verifyLogin
2026-07-25 12:03:06 INFO  [TestNG-test=Login Test-1] ScreenshotUtils - Screenshot captured successfully : C:\Users\HP\Desktop\Project\selenium-testng-framework\screenshots\LoginTest_verifyLogin_20260725_120306.png
2026-07-25 12:03:06 INFO  [TestNG-test=Login Test-1] BaseTest - Cleaning test execution
2026-07-25 12:03:06 INFO  [TestNG-test=Login Test-1] DriverFactory - Closing browser
2026-07-25 12:03:06 INFO  [TestNG-test=Login Test-1] DriverFactory - Browser closed successfully
2026-07-25 12:03:06 INFO  [TestNG-test=Login Test-1] BaseTest - ========== Test Execution Completed ==========
2026-07-25 12:03:06 INFO  [main] TestListener - ========== Test Execution Completed ==========
2026-07-25 12:03:07 INFO  [main] ExtentReportManager - Extent Report flushed
2026-07-25 12:06:26 INFO  [main] TestListener - ========== Test Execution Started ==========
2026-07-25 12:06:26 INFO  [main] ExtentReportManager - Extent Report Created : C:\Users\HP\Desktop\Project\selenium-testng-framework\reports\AutomationReport_20260725_120626.html
2026-07-25 12:06:27 INFO  [TestNG-test=Login Test-1] ExcelUtils - Reading Excel file : src/main/resources/testdata/LoginData.xlsx
2026-07-25 12:06:28 INFO  [TestNG-test=Login Test-1] ExcelUtils - Excel data loaded successfully. Total records : 3
2026-07-25 12:06:28 INFO  [TestNG-test=Login Test-1] BaseTest - ========== Starting Test : verifyLogin ==========
2026-07-25 12:06:28 INFO  [TestNG-test=Login Test-1] ConfigReader - Loading config.properties file
2026-07-25 12:06:28 INFO  [TestNG-test=Login Test-1] ConfigReader - Configuration loaded successfully
2026-07-25 12:06:28 INFO  [TestNG-test=Login Test-1] DriverFactory - Initializing browser : CHROME
2026-07-25 12:06:30 INFO  [TestNG-test=Login Test-1] DriverFactory - CHROME browser launched successfully
2026-07-25 12:06:30 INFO  [TestNG-test=Login Test-1] BaseTest - Opening application URL : https://www.saucedemo.com/
2026-07-25 12:06:33 INFO  [TestNG-test=Login Test-1] TestListener - Test Started : com.amol.automation.tests.LoginTest.verifyLogin
2026-07-25 12:06:33 INFO  [TestNG-test=Login Test-1] ExtentReportManager - Extent Test Created : com.amol.automation.tests.LoginTest.verifyLogin
2026-07-25 12:06:33 INFO  [TestNG-test=Login Test-1] LoginTest - ===== Login Test Started =====
2026-07-25 12:06:33 INFO  [TestNG-test=Login Test-1] LoginTest - Login attempt with user : standard_user
2026-07-25 12:06:33 INFO  [TestNG-test=Login Test-1] LoginPage - Starting login process
2026-07-25 12:06:33 INFO  [TestNG-test=Login Test-1] LoginPage - Entering username
2026-07-25 12:06:33 INFO  [TestNG-test=Login Test-1] BasePage - Entering text into element
2026-07-25 12:06:34 INFO  [TestNG-test=Login Test-1] LoginPage - Entering password
2026-07-25 12:06:34 INFO  [TestNG-test=Login Test-1] BasePage - Entering text into element
2026-07-25 12:06:34 INFO  [TestNG-test=Login Test-1] LoginPage - Clicking Login button
2026-07-25 12:06:34 INFO  [TestNG-test=Login Test-1] BasePage - Clicking element
2026-07-25 12:06:34 INFO  [TestNG-test=Login Test-1] LoginPage - Login successful
2026-07-25 12:06:34 INFO  [TestNG-test=Login Test-1] HomePage - Checking products page visibility
2026-07-25 12:06:34 INFO  [TestNG-test=Login Test-1] HomePage - Getting page title
2026-07-25 12:06:34 INFO  [TestNG-test=Login Test-1] BasePage - Getting text from element
2026-07-25 12:06:34 INFO  [TestNG-test=Login Test-1] HomePage - Checking menu visibility
2026-07-25 12:06:34 INFO  [TestNG-test=Login Test-1] LoginTest - Login successful for user : standard_user
2026-07-25 12:06:34 INFO  [TestNG-test=Login Test-1] LoginTest - ===== Login Test Completed =====
2026-07-25 12:06:34 INFO  [TestNG-test=Login Test-1] TestListener - Test Passed : verifyLogin
2026-07-25 12:06:34 INFO  [TestNG-test=Login Test-1] BaseTest - Cleaning test execution
2026-07-25 12:06:34 INFO  [TestNG-test=Login Test-1] DriverFactory - Closing browser
2026-07-25 12:06:35 INFO  [TestNG-test=Login Test-1] DriverFactory - Browser closed successfully
2026-07-25 12:06:35 INFO  [TestNG-test=Login Test-1] BaseTest - ========== Test Execution Completed ==========
2026-07-25 12:06:35 INFO  [TestNG-test=Login Test-1] BaseTest - ========== Starting Test : verifyLogin ==========
2026-07-25 12:06:35 INFO  [TestNG-test=Login Test-1] DriverFactory - Initializing browser : CHROME
2026-07-25 12:06:36 INFO  [TestNG-test=Login Test-1] DriverFactory - CHROME browser launched successfully
2026-07-25 12:06:36 INFO  [TestNG-test=Login Test-1] BaseTest - Opening application URL : https://www.saucedemo.com/
2026-07-25 12:06:39 INFO  [TestNG-test=Login Test-1] TestListener - Test Started : com.amol.automation.tests.LoginTest.verifyLogin
2026-07-25 12:06:39 INFO  [TestNG-test=Login Test-1] ExtentReportManager - Extent Test Created : com.amol.automation.tests.LoginTest.verifyLogin
2026-07-25 12:06:39 INFO  [TestNG-test=Login Test-1] LoginTest - ===== Login Test Started =====
2026-07-25 12:06:39 INFO  [TestNG-test=Login Test-1] LoginTest - Login attempt with user : locked_out_user
2026-07-25 12:06:39 INFO  [TestNG-test=Login Test-1] LoginPage - Starting login process
2026-07-25 12:06:39 INFO  [TestNG-test=Login Test-1] LoginPage - Entering username
2026-07-25 12:06:39 INFO  [TestNG-test=Login Test-1] BasePage - Entering text into element
2026-07-25 12:06:40 INFO  [TestNG-test=Login Test-1] LoginPage - Entering password
2026-07-25 12:06:40 INFO  [TestNG-test=Login Test-1] BasePage - Entering text into element
2026-07-25 12:06:40 INFO  [TestNG-test=Login Test-1] LoginPage - Clicking Login button
2026-07-25 12:06:40 INFO  [TestNG-test=Login Test-1] BasePage - Clicking element
2026-07-25 12:06:40 INFO  [TestNG-test=Login Test-1] LoginPage - Login successful
2026-07-25 12:06:40 INFO  [TestNG-test=Login Test-1] HomePage - Checking products page visibility
2026-07-25 12:07:11 ERROR [TestNG-test=Login Test-1] TestListener - Test Failed : LoginTest_verifyLogin
2026-07-25 12:07:11 INFO  [TestNG-test=Login Test-1] ScreenshotUtils - Screenshot captured successfully : C:\Users\HP\Desktop\Project\selenium-testng-framework\screenshots\LoginTest_verifyLogin_20260725_120711.png
2026-07-25 12:07:11 INFO  [TestNG-test=Login Test-1] BaseTest - Cleaning test execution
2026-07-25 12:07:11 INFO  [TestNG-test=Login Test-1] DriverFactory - Closing browser
2026-07-25 12:07:11 INFO  [TestNG-test=Login Test-1] DriverFactory - Browser closed successfully
2026-07-25 12:07:11 INFO  [TestNG-test=Login Test-1] BaseTest - ========== Test Execution Completed ==========
2026-07-25 12:07:11 INFO  [TestNG-test=Login Test-1] BaseTest - ========== Starting Test : verifyLogin ==========
2026-07-25 12:07:11 INFO  [TestNG-test=Login Test-1] DriverFactory - Initializing browser : CHROME
2026-07-25 12:07:13 INFO  [TestNG-test=Login Test-1] DriverFactory - CHROME browser launched successfully
2026-07-25 12:07:13 INFO  [TestNG-test=Login Test-1] BaseTest - Opening application URL : https://www.saucedemo.com/
2026-07-25 12:07:17 INFO  [TestNG-test=Login Test-1] TestListener - Test Started : com.amol.automation.tests.LoginTest.verifyLogin
2026-07-25 12:07:17 INFO  [TestNG-test=Login Test-1] ExtentReportManager - Extent Test Created : com.amol.automation.tests.LoginTest.verifyLogin
2026-07-25 12:07:17 INFO  [TestNG-test=Login Test-1] LoginTest - ===== Login Test Started =====
2026-07-25 12:07:17 INFO  [TestNG-test=Login Test-1] LoginTest - Login attempt with user : invalid_user
2026-07-25 12:07:17 INFO  [TestNG-test=Login Test-1] LoginPage - Starting login process
2026-07-25 12:07:17 INFO  [TestNG-test=Login Test-1] LoginPage - Entering username
2026-07-25 12:07:17 INFO  [TestNG-test=Login Test-1] BasePage - Entering text into element
2026-07-25 12:07:17 INFO  [TestNG-test=Login Test-1] LoginPage - Entering password
2026-07-25 12:07:17 INFO  [TestNG-test=Login Test-1] BasePage - Entering text into element
2026-07-25 12:07:17 INFO  [TestNG-test=Login Test-1] LoginPage - Clicking Login button
2026-07-25 12:07:17 INFO  [TestNG-test=Login Test-1] BasePage - Clicking element
2026-07-25 12:07:18 INFO  [TestNG-test=Login Test-1] LoginPage - Login successful
2026-07-25 12:07:18 INFO  [TestNG-test=Login Test-1] HomePage - Checking products page visibility
2026-07-25 12:07:48 ERROR [TestNG-test=Login Test-1] TestListener - Test Failed : LoginTest_verifyLogin
2026-07-25 12:07:48 INFO  [TestNG-test=Login Test-1] ScreenshotUtils - Screenshot captured successfully : C:\Users\HP\Desktop\Project\selenium-testng-framework\screenshots\LoginTest_verifyLogin_20260725_120748.png
2026-07-25 12:07:48 INFO  [TestNG-test=Login Test-1] BaseTest - Cleaning test execution
2026-07-25 12:07:48 INFO  [TestNG-test=Login Test-1] DriverFactory - Closing browser
2026-07-25 12:07:49 INFO  [TestNG-test=Login Test-1] DriverFactory - Browser closed successfully
2026-07-25 12:07:49 INFO  [TestNG-test=Login Test-1] BaseTest - ========== Test Execution Completed ==========
2026-07-25 12:07:49 INFO  [main] TestListener - ========== Test Execution Completed ==========
2026-07-25 12:07:50 INFO  [main] ExtentReportManager - Extent Report flushed
2026-07-25 13:12:22 INFO  [main] TestListener - ========== Test Execution Started ==========
2026-07-25 13:12:23 INFO  [main] ExtentReportManager - Extent Report Created : C:\Users\HP\Desktop\Project\selenium-testng-framework\reports\AutomationReport_20260725_131222.html
2026-07-25 13:12:23 INFO  [TestNG-test=Login Test-1] BaseTest - ========== Starting Test : verifyInvalidLogin ==========
2026-07-25 13:12:23 INFO  [TestNG-test=Login Test-1] ConfigReader - Loading config.properties file
2026-07-25 13:12:23 INFO  [TestNG-test=Login Test-1] ConfigReader - Configuration loaded successfully
2026-07-25 13:12:23 INFO  [TestNG-test=Login Test-1] DriverFactory - Initializing browser : CHROME
2026-07-25 13:12:26 INFO  [TestNG-test=Login Test-1] DriverFactory - CHROME browser launched successfully
2026-07-25 13:12:26 INFO  [TestNG-test=Login Test-1] BaseTest - Opening application URL : https://www.saucedemo.com/
2026-07-25 13:12:29 INFO  [TestNG-test=Login Test-1] TestListener - Test Started : com.amol.automation.tests.LoginTest.verifyInvalidLogin
2026-07-25 13:12:29 INFO  [TestNG-test=Login Test-1] ExtentReportManager - Extent Test Created : com.amol.automation.tests.LoginTest.verifyInvalidLogin
2026-07-25 13:12:29 INFO  [TestNG-test=Login Test-1] LoginTest - ===== Invalid Login Test Started =====
2026-07-25 13:12:29 INFO  [TestNG-test=Login Test-1] LoginPage - Entering username : invalid_user
2026-07-25 13:12:29 INFO  [TestNG-test=Login Test-1] BasePage - Entering text : invalid_user
2026-07-25 13:12:29 INFO  [TestNG-test=Login Test-1] LoginPage - Entering password
2026-07-25 13:12:29 INFO  [TestNG-test=Login Test-1] BasePage - Entering text : wrong_password
2026-07-25 13:12:29 INFO  [TestNG-test=Login Test-1] LoginPage - Clicking Login button
2026-07-25 13:12:29 INFO  [TestNG-test=Login Test-1] BasePage - Clicking element : [[ChromeDriver: chrome on windows (e054be75e66f1535453d5ebf1110317e)] -> id: login-button]
2026-07-25 13:12:30 INFO  [TestNG-test=Login Test-1] BasePage - Text fetched : Epic sadface: Username and password do not match any user in this service
2026-07-25 13:12:30 INFO  [TestNG-test=Login Test-1] LoginTest - ===== Invalid Login Test Completed =====
2026-07-25 13:12:30 INFO  [TestNG-test=Login Test-1] TestListener - Test Passed : verifyInvalidLogin
2026-07-25 13:12:30 INFO  [TestNG-test=Login Test-1] BaseTest - Cleaning test execution
2026-07-25 13:12:30 INFO  [TestNG-test=Login Test-1] DriverFactory - Closing browser
2026-07-25 13:12:30 INFO  [TestNG-test=Login Test-1] DriverFactory - Browser closed successfully
2026-07-25 13:12:30 INFO  [TestNG-test=Login Test-1] BaseTest - ========== Test Execution Completed ==========
2026-07-25 13:12:30 INFO  [TestNG-test=Login Test-1] BaseTest - ========== Starting Test : verifyLockedUserLogin ==========
2026-07-25 13:12:30 INFO  [TestNG-test=Login Test-1] DriverFactory - Initializing browser : CHROME
2026-07-25 13:12:31 INFO  [TestNG-test=Login Test-1] DriverFactory - CHROME browser launched successfully
2026-07-25 13:12:31 INFO  [TestNG-test=Login Test-1] BaseTest - Opening application URL : https://www.saucedemo.com/
2026-07-25 13:12:34 INFO  [TestNG-test=Login Test-1] TestListener - Test Started : com.amol.automation.tests.LoginTest.verifyLockedUserLogin
2026-07-25 13:12:34 INFO  [TestNG-test=Login Test-1] ExtentReportManager - Extent Test Created : com.amol.automation.tests.LoginTest.verifyLockedUserLogin
2026-07-25 13:12:34 INFO  [TestNG-test=Login Test-1] LoginTest - ===== Locked User Login Test Started =====
2026-07-25 13:12:34 INFO  [TestNG-test=Login Test-1] LoginPage - Entering username : locked_out_user
2026-07-25 13:12:34 INFO  [TestNG-test=Login Test-1] BasePage - Entering text : locked_out_user
2026-07-25 13:12:34 INFO  [TestNG-test=Login Test-1] LoginPage - Entering password
2026-07-25 13:12:34 INFO  [TestNG-test=Login Test-1] BasePage - Entering text : secret_sauce
2026-07-25 13:12:34 INFO  [TestNG-test=Login Test-1] LoginPage - Clicking Login button
2026-07-25 13:12:34 INFO  [TestNG-test=Login Test-1] BasePage - Clicking element : [[ChromeDriver: chrome on windows (67ea3ac376ed064cd6f31b9fbdef5a9c)] -> id: login-button]
2026-07-25 13:12:35 INFO  [TestNG-test=Login Test-1] BasePage - Text fetched : Epic sadface: Sorry, this user has been locked out.
2026-07-25 13:12:35 INFO  [TestNG-test=Login Test-1] LoginTest - ===== Locked User Login Test Completed =====
2026-07-25 13:12:35 INFO  [TestNG-test=Login Test-1] TestListener - Test Passed : verifyLockedUserLogin
2026-07-25 13:12:35 INFO  [TestNG-test=Login Test-1] BaseTest - Cleaning test execution
2026-07-25 13:12:35 INFO  [TestNG-test=Login Test-1] DriverFactory - Closing browser
2026-07-25 13:12:35 INFO  [TestNG-test=Login Test-1] DriverFactory - Browser closed successfully
2026-07-25 13:12:35 INFO  [TestNG-test=Login Test-1] BaseTest - ========== Test Execution Completed ==========
2026-07-25 13:12:35 INFO  [TestNG-test=Login Test-1] BaseTest - ========== Starting Test : verifyValidLogin ==========
2026-07-25 13:12:35 INFO  [TestNG-test=Login Test-1] DriverFactory - Initializing browser : CHROME
2026-07-25 13:12:36 INFO  [TestNG-test=Login Test-1] DriverFactory - CHROME browser launched successfully
2026-07-25 13:12:36 INFO  [TestNG-test=Login Test-1] BaseTest - Opening application URL : https://www.saucedemo.com/
2026-07-25 13:12:39 INFO  [TestNG-test=Login Test-1] TestListener - Test Started : com.amol.automation.tests.LoginTest.verifyValidLogin
2026-07-25 13:12:39 INFO  [TestNG-test=Login Test-1] ExtentReportManager - Extent Test Created : com.amol.automation.tests.LoginTest.verifyValidLogin
2026-07-25 13:12:39 INFO  [TestNG-test=Login Test-1] LoginTest - ===== Valid Login Test Started =====
2026-07-25 13:12:39 INFO  [TestNG-test=Login Test-1] LoginPage - Entering username : standard_user
2026-07-25 13:12:39 INFO  [TestNG-test=Login Test-1] BasePage - Entering text : standard_user
2026-07-25 13:12:39 INFO  [TestNG-test=Login Test-1] LoginPage - Entering password
2026-07-25 13:12:39 INFO  [TestNG-test=Login Test-1] BasePage - Entering text : secret_sauce
2026-07-25 13:12:39 INFO  [TestNG-test=Login Test-1] LoginPage - Clicking Login button
2026-07-25 13:12:39 INFO  [TestNG-test=Login Test-1] BasePage - Clicking element : [[ChromeDriver: chrome on windows (8fb022309f26f5c52e9cbce5e3e7a0b9)] -> id: login-button]
2026-07-25 13:12:39 INFO  [TestNG-test=Login Test-1] LoginPage - Login successful
2026-07-25 13:12:39 INFO  [TestNG-test=Login Test-1] HomePage - Checking products page visibility
2026-07-25 13:12:39 INFO  [TestNG-test=Login Test-1] HomePage - Getting page title
2026-07-25 13:12:39 INFO  [TestNG-test=Login Test-1] BasePage - Text fetched : Products
2026-07-25 13:12:39 INFO  [TestNG-test=Login Test-1] HomePage - Checking menu visibility
2026-07-25 13:12:39 INFO  [TestNG-test=Login Test-1] LoginTest - ===== Valid Login Test Completed =====
2026-07-25 13:12:39 INFO  [TestNG-test=Login Test-1] TestListener - Test Passed : verifyValidLogin
2026-07-25 13:12:39 INFO  [TestNG-test=Login Test-1] BaseTest - Cleaning test execution
2026-07-25 13:12:39 INFO  [TestNG-test=Login Test-1] DriverFactory - Closing browser
2026-07-25 13:12:40 INFO  [TestNG-test=Login Test-1] DriverFactory - Browser closed successfully
2026-07-25 13:12:40 INFO  [TestNG-test=Login Test-1] BaseTest - ========== Test Execution Completed ==========
2026-07-25 13:12:40 INFO  [main] TestListener - ========== Test Execution Completed ==========
2026-07-25 13:12:40 INFO  [main] ExtentReportManager - Extent Report flushed
2026-07-25 13:14:36 INFO  [main] TestListener - ========== Test Execution Started ==========
2026-07-25 13:14:36 INFO  [main] ExtentReportManager - Extent Report Created : C:\Users\HP\Desktop\Project\selenium-testng-framework\reports\AutomationReport_20260725_131436.html
2026-07-25 13:14:36 INFO  [TestNG-test=Login Test-1] BaseTest - ========== Starting Test : verifyInvalidLogin ==========
2026-07-25 13:14:36 INFO  [TestNG-test=Login Test-1] ConfigReader - Loading config.properties file
2026-07-25 13:14:36 INFO  [TestNG-test=Login Test-1] ConfigReader - Configuration loaded successfully
2026-07-25 13:14:36 INFO  [TestNG-test=Login Test-1] DriverFactory - Initializing browser : CHROME
2026-07-25 13:14:38 INFO  [TestNG-test=Login Test-1] DriverFactory - CHROME browser launched successfully
2026-07-25 13:14:38 INFO  [TestNG-test=Login Test-1] BaseTest - Opening application URL : https://www.saucedemo.com/
2026-07-25 13:14:41 INFO  [TestNG-test=Login Test-1] TestListener - Test Started : com.amol.automation.tests.LoginTest.verifyInvalidLogin
2026-07-25 13:14:41 INFO  [TestNG-test=Login Test-1] ExtentReportManager - Extent Test Created : com.amol.automation.tests.LoginTest.verifyInvalidLogin
2026-07-25 13:14:41 INFO  [TestNG-test=Login Test-1] LoginTest - ========== Invalid Login Test Started ==========
2026-07-25 13:14:41 INFO  [TestNG-test=Login Test-1] LoginTest - Step 1 : Logging in with invalid credentials
2026-07-25 13:14:41 INFO  [TestNG-test=Login Test-1] LoginPage - Entering username : invalid_user
2026-07-25 13:14:41 INFO  [TestNG-test=Login Test-1] BasePage - Entering text : invalid_user
2026-07-25 13:14:41 INFO  [TestNG-test=Login Test-1] LoginPage - Entering password
2026-07-25 13:14:41 INFO  [TestNG-test=Login Test-1] BasePage - Entering text : wrong_password
2026-07-25 13:14:42 INFO  [TestNG-test=Login Test-1] LoginPage - Clicking Login button
2026-07-25 13:14:42 INFO  [TestNG-test=Login Test-1] BasePage - Clicking element : [[ChromeDriver: chrome on windows (b8e98c42bea052f53cdd0435a9cd297f)] -> id: login-button]
2026-07-25 13:14:42 INFO  [TestNG-test=Login Test-1] LoginTest - Step 2 : Verifying error message is displayed
2026-07-25 13:14:42 INFO  [TestNG-test=Login Test-1] LoginTest - Error message displayed
2026-07-25 13:14:42 INFO  [TestNG-test=Login Test-1] LoginTest - Step 3 : Verifying invalid credential error message
2026-07-25 13:14:42 INFO  [TestNG-test=Login Test-1] BasePage - Text fetched : Epic sadface: Username and password do not match any user in this service
2026-07-25 13:14:42 INFO  [TestNG-test=Login Test-1] LoginTest - Invalid login validation completed successfully
2026-07-25 13:14:42 INFO  [TestNG-test=Login Test-1] LoginTest - ========== Invalid Login Test Passed ==========
2026-07-25 13:14:42 INFO  [TestNG-test=Login Test-1] TestListener - Test Passed : verifyInvalidLogin
2026-07-25 13:14:42 INFO  [TestNG-test=Login Test-1] BaseTest - Cleaning test execution
2026-07-25 13:14:42 INFO  [TestNG-test=Login Test-1] DriverFactory - Closing browser
2026-07-25 13:14:42 INFO  [TestNG-test=Login Test-1] DriverFactory - Browser closed successfully
2026-07-25 13:14:42 INFO  [TestNG-test=Login Test-1] BaseTest - ========== Test Execution Completed ==========
2026-07-25 13:14:42 INFO  [TestNG-test=Login Test-1] BaseTest - ========== Starting Test : verifyLockedUserLogin ==========
2026-07-25 13:14:42 INFO  [TestNG-test=Login Test-1] DriverFactory - Initializing browser : CHROME
2026-07-25 13:14:43 INFO  [TestNG-test=Login Test-1] DriverFactory - CHROME browser launched successfully
2026-07-25 13:14:43 INFO  [TestNG-test=Login Test-1] BaseTest - Opening application URL : https://www.saucedemo.com/
2026-07-25 13:14:46 INFO  [TestNG-test=Login Test-1] TestListener - Test Started : com.amol.automation.tests.LoginTest.verifyLockedUserLogin
2026-07-25 13:14:46 INFO  [TestNG-test=Login Test-1] ExtentReportManager - Extent Test Created : com.amol.automation.tests.LoginTest.verifyLockedUserLogin
2026-07-25 13:14:46 INFO  [TestNG-test=Login Test-1] LoginTest - ========== Locked User Login Test Started ==========
2026-07-25 13:14:46 INFO  [TestNG-test=Login Test-1] LoginTest - Step 1 : Logging in with locked user
2026-07-25 13:14:46 INFO  [TestNG-test=Login Test-1] LoginPage - Entering username : locked_out_user
2026-07-25 13:14:46 INFO  [TestNG-test=Login Test-1] BasePage - Entering text : locked_out_user
2026-07-25 13:14:46 INFO  [TestNG-test=Login Test-1] LoginPage - Entering password
2026-07-25 13:14:46 INFO  [TestNG-test=Login Test-1] BasePage - Entering text : secret_sauce
2026-07-25 13:14:47 INFO  [TestNG-test=Login Test-1] LoginPage - Clicking Login button
2026-07-25 13:14:47 INFO  [TestNG-test=Login Test-1] BasePage - Clicking element : [[ChromeDriver: chrome on windows (58a1706313b47699b1e51d9643e0d3e0)] -> id: login-button]
2026-07-25 13:14:47 INFO  [TestNG-test=Login Test-1] LoginTest - Step 2 : Verifying error message is displayed
2026-07-25 13:14:47 INFO  [TestNG-test=Login Test-1] LoginTest - Error message displayed
2026-07-25 13:14:47 INFO  [TestNG-test=Login Test-1] LoginTest - Step 3 : Verifying locked user error message
2026-07-25 13:14:47 INFO  [TestNG-test=Login Test-1] BasePage - Text fetched : Epic sadface: Sorry, this user has been locked out.
2026-07-25 13:14:47 INFO  [TestNG-test=Login Test-1] LoginTest - Locked user validation completed successfully
2026-07-25 13:14:47 INFO  [TestNG-test=Login Test-1] LoginTest - ========== Locked User Login Test Passed ==========
2026-07-25 13:14:47 INFO  [TestNG-test=Login Test-1] TestListener - Test Passed : verifyLockedUserLogin
2026-07-25 13:14:47 INFO  [TestNG-test=Login Test-1] BaseTest - Cleaning test execution
2026-07-25 13:14:47 INFO  [TestNG-test=Login Test-1] DriverFactory - Closing browser
2026-07-25 13:14:47 INFO  [TestNG-test=Login Test-1] DriverFactory - Browser closed successfully
2026-07-25 13:14:47 INFO  [TestNG-test=Login Test-1] BaseTest - ========== Test Execution Completed ==========
2026-07-25 13:14:47 INFO  [TestNG-test=Login Test-1] BaseTest - ========== Starting Test : verifyValidLogin ==========
2026-07-25 13:14:47 INFO  [TestNG-test=Login Test-1] DriverFactory - Initializing browser : CHROME
2026-07-25 13:14:48 INFO  [TestNG-test=Login Test-1] DriverFactory - CHROME browser launched successfully
2026-07-25 13:14:48 INFO  [TestNG-test=Login Test-1] BaseTest - Opening application URL : https://www.saucedemo.com/
2026-07-25 13:14:51 INFO  [TestNG-test=Login Test-1] TestListener - Test Started : com.amol.automation.tests.LoginTest.verifyValidLogin
2026-07-25 13:14:51 INFO  [TestNG-test=Login Test-1] ExtentReportManager - Extent Test Created : com.amol.automation.tests.LoginTest.verifyValidLogin
2026-07-25 13:14:51 INFO  [TestNG-test=Login Test-1] LoginTest - ========== Valid Login Test Started ==========
2026-07-25 13:14:51 INFO  [TestNG-test=Login Test-1] LoginTest - Step 1 : Launching SauceDemo application
2026-07-25 13:14:51 INFO  [TestNG-test=Login Test-1] LoginTest - Step 2 : Logging in with valid credentials
2026-07-25 13:14:51 INFO  [TestNG-test=Login Test-1] LoginPage - Entering username : standard_user
2026-07-25 13:14:51 INFO  [TestNG-test=Login Test-1] BasePage - Entering text : standard_user
2026-07-25 13:14:51 INFO  [TestNG-test=Login Test-1] LoginPage - Entering password
2026-07-25 13:14:51 INFO  [TestNG-test=Login Test-1] BasePage - Entering text : secret_sauce
2026-07-25 13:14:51 INFO  [TestNG-test=Login Test-1] LoginPage - Clicking Login button
2026-07-25 13:14:51 INFO  [TestNG-test=Login Test-1] BasePage - Clicking element : [[ChromeDriver: chrome on windows (64e7b2f33f250b5973e2a2494182a036)] -> id: login-button]
2026-07-25 13:14:51 INFO  [TestNG-test=Login Test-1] LoginPage - Login successful
2026-07-25 13:14:51 INFO  [TestNG-test=Login Test-1] LoginTest - Step 3 : Verifying Products page is displayed
2026-07-25 13:14:51 INFO  [TestNG-test=Login Test-1] HomePage - Checking products page visibility
2026-07-25 13:14:51 INFO  [TestNG-test=Login Test-1] LoginTest - Products page displayed successfully
2026-07-25 13:14:51 INFO  [TestNG-test=Login Test-1] LoginTest - Step 4 : Verifying page title
2026-07-25 13:14:51 INFO  [TestNG-test=Login Test-1] HomePage - Getting page title
2026-07-25 13:14:51 INFO  [TestNG-test=Login Test-1] BasePage - Text fetched : Products
2026-07-25 13:14:51 INFO  [TestNG-test=Login Test-1] LoginTest - Products page title verified
2026-07-25 13:14:51 INFO  [TestNG-test=Login Test-1] LoginTest - Step 5 : Verifying menu button
2026-07-25 13:14:51 INFO  [TestNG-test=Login Test-1] HomePage - Checking menu visibility
2026-07-25 13:14:51 INFO  [TestNG-test=Login Test-1] LoginTest - Menu button verified successfully
2026-07-25 13:14:51 INFO  [TestNG-test=Login Test-1] LoginTest - ========== Valid Login Test Passed ==========
2026-07-25 13:14:51 INFO  [TestNG-test=Login Test-1] TestListener - Test Passed : verifyValidLogin
2026-07-25 13:14:51 INFO  [TestNG-test=Login Test-1] BaseTest - Cleaning test execution
2026-07-25 13:14:51 INFO  [TestNG-test=Login Test-1] DriverFactory - Closing browser
2026-07-25 13:14:52 INFO  [TestNG-test=Login Test-1] DriverFactory - Browser closed successfully
2026-07-25 13:14:52 INFO  [TestNG-test=Login Test-1] BaseTest - ========== Test Execution Completed ==========
2026-07-25 13:14:52 INFO  [main] TestListener - ========== Test Execution Completed ==========
2026-07-25 13:14:52 INFO  [main] ExtentReportManager - Extent Report flushed
2026-07-25 13:16:54 INFO  [main] BaseTest - ========== Starting Test : verifyInvalidLogin ==========
2026-07-25 13:16:54 INFO  [main] ConfigReader - Loading config.properties file
2026-07-25 13:16:54 INFO  [main] ConfigReader - Configuration loaded successfully
2026-07-25 13:16:54 INFO  [main] DriverFactory - Initializing browser : CHROME
2026-07-25 13:16:55 INFO  [main] BaseTest - ========== Starting Test : verifyInvalidLogin ==========
2026-07-25 13:16:55 INFO  [main] ConfigReader - Loading config.properties file
2026-07-25 13:16:55 INFO  [main] ConfigReader - Configuration loaded successfully
2026-07-25 13:16:55 INFO  [main] DriverFactory - Initializing browser : CHROME
2026-07-25 13:16:57 INFO  [main] DriverFactory - CHROME browser launched successfully
2026-07-25 13:16:57 INFO  [main] BaseTest - Opening application URL : https://www.saucedemo.com/
2026-07-25 13:17:00 INFO  [main] DriverFactory - CHROME browser launched successfully
2026-07-25 13:17:00 INFO  [main] BaseTest - Opening application URL : https://www.saucedemo.com/
2026-07-25 13:17:03 INFO  [main] LoginTest - ==================================================
2026-07-25 13:17:03 INFO  [main] LoginTest - TEST STARTED : Verify Invalid Login
2026-07-25 13:17:03 INFO  [main] LoginTest - ==================================================
2026-07-25 13:17:03 INFO  [main] LoginTest - Step 1 : Enter invalid username
2026-07-25 13:17:03 INFO  [main] LoginTest - Step 2 : Enter invalid password
2026-07-25 13:17:03 INFO  [main] LoginTest - Step 3 : Click Login button
2026-07-25 13:17:03 INFO  [main] LoginPage - Entering username : invalid_user
2026-07-25 13:17:03 INFO  [main] BasePage - Entering text : invalid_user
2026-07-25 13:17:03 INFO  [main] LoginPage - Entering password
2026-07-25 13:17:03 INFO  [main] BasePage - Entering text : wrong_password
2026-07-25 13:17:04 INFO  [main] LoginPage - Clicking Login button
2026-07-25 13:17:04 INFO  [main] BasePage - Clicking element : [[ChromeDriver: chrome on windows (648b9c655dfc716db8a4cc1ff9bb9a43)] -> id: login-button]
2026-07-25 13:17:04 INFO  [main] LoginTest - Step 4 : Verify error message displayed
2026-07-25 13:17:04 INFO  [main] LoginTest - PASS : Error message displayed
2026-07-25 13:17:04 INFO  [main] LoginTest - Step 5 : Verify invalid credentials message
2026-07-25 13:17:04 INFO  [main] BasePage - Text fetched : Epic sadface: Username and password do not match any user in this service
2026-07-25 13:17:04 INFO  [main] LoginTest - PASS : Invalid credentials message verified
2026-07-25 13:17:04 INFO  [main] LoginTest - TEST PASSED : Verify Invalid Login
2026-07-25 13:17:04 INFO  [main] LoginTest - ==================================================
2026-07-25 13:17:04 INFO  [main] BaseTest - Cleaning test execution
2026-07-25 13:17:04 INFO  [main] DriverFactory - Closing browser
2026-07-25 13:17:04 INFO  [main] LoginTest - ==================================================
2026-07-25 13:17:04 INFO  [main] LoginTest - TEST STARTED : Verify Invalid Login
2026-07-25 13:17:04 INFO  [main] LoginTest - ==================================================
2026-07-25 13:17:04 INFO  [main] LoginTest - Step 1 : Enter invalid username
2026-07-25 13:17:04 INFO  [main] LoginTest - Step 2 : Enter invalid password
2026-07-25 13:17:04 INFO  [main] LoginTest - Step 3 : Click Login button
2026-07-25 13:17:04 INFO  [main] LoginPage - Entering username : invalid_user
2026-07-25 13:17:04 INFO  [main] BasePage - Entering text : invalid_user
2026-07-25 13:17:04 INFO  [main] DriverFactory - Browser closed successfully
2026-07-25 13:17:04 INFO  [main] BaseTest - ========== Test Execution Completed ==========
2026-07-25 13:17:04 INFO  [main] BaseTest - ========== Starting Test : verifyLockedUserLogin ==========
2026-07-25 13:17:04 INFO  [main] DriverFactory - Initializing browser : CHROME
2026-07-25 13:17:05 INFO  [main] LoginPage - Entering password
2026-07-25 13:17:05 INFO  [main] BasePage - Entering text : wrong_password
2026-07-25 13:17:05 INFO  [main] LoginPage - Clicking Login button
2026-07-25 13:17:05 INFO  [main] BasePage - Clicking element : [[ChromeDriver: chrome on windows (da72807f0fbff6b30478d3f0e8984423)] -> id: login-button]
2026-07-25 13:17:05 INFO  [main] LoginTest - Step 4 : Verify error message displayed
2026-07-25 13:17:05 INFO  [main] LoginTest - PASS : Error message displayed
2026-07-25 13:17:05 INFO  [main] LoginTest - Step 5 : Verify invalid credentials message
2026-07-25 13:17:05 INFO  [main] BasePage - Text fetched : Epic sadface: Username and password do not match any user in this service
2026-07-25 13:17:05 INFO  [main] LoginTest - PASS : Invalid credentials message verified
2026-07-25 13:17:05 INFO  [main] LoginTest - TEST PASSED : Verify Invalid Login
2026-07-25 13:17:05 INFO  [main] LoginTest - ==================================================
2026-07-25 13:17:05 INFO  [main] BaseTest - Cleaning test execution
2026-07-25 13:17:05 INFO  [main] DriverFactory - Closing browser
2026-07-25 13:17:06 INFO  [main] DriverFactory - Browser closed successfully
2026-07-25 13:17:06 INFO  [main] BaseTest - ========== Test Execution Completed ==========
2026-07-25 13:17:06 INFO  [main] BaseTest - ========== Starting Test : verifyLockedUserLogin ==========
2026-07-25 13:17:06 INFO  [main] DriverFactory - Initializing browser : CHROME
2026-07-25 13:17:06 INFO  [main] DriverFactory - CHROME browser launched successfully
2026-07-25 13:17:06 INFO  [main] BaseTest - Opening application URL : https://www.saucedemo.com/
2026-07-25 13:17:08 INFO  [main] DriverFactory - CHROME browser launched successfully
2026-07-25 13:17:08 INFO  [main] BaseTest - Opening application URL : https://www.saucedemo.com/
2026-07-25 13:17:09 INFO  [main] LoginTest - ==================================================
2026-07-25 13:17:09 INFO  [main] LoginTest - TEST STARTED : Verify Locked User Login
2026-07-25 13:17:09 INFO  [main] LoginTest - ==================================================
2026-07-25 13:17:09 INFO  [main] LoginTest - Step 1 : Enter locked username
2026-07-25 13:17:09 INFO  [main] LoginTest - Step 2 : Enter password
2026-07-25 13:17:09 INFO  [main] LoginTest - Step 3 : Click Login button
2026-07-25 13:17:09 INFO  [main] LoginPage - Entering username : locked_out_user
2026-07-25 13:17:09 INFO  [main] BasePage - Entering text : locked_out_user
2026-07-25 13:17:10 INFO  [main] LoginPage - Entering password
2026-07-25 13:17:10 INFO  [main] BasePage - Entering text : secret_sauce
2026-07-25 13:17:10 INFO  [main] LoginPage - Clicking Login button
2026-07-25 13:17:10 INFO  [main] BasePage - Clicking element : [[ChromeDriver: chrome on windows (054d503fc7a4a19204fb7935c7d3d75c)] -> id: login-button]
2026-07-25 13:17:11 INFO  [main] LoginTest - Step 4 : Verify error message displayed
2026-07-25 13:17:11 INFO  [main] LoginTest - PASS : Error message displayed
2026-07-25 13:17:11 INFO  [main] LoginTest - Step 5 : Verify locked user message
2026-07-25 13:17:11 INFO  [main] BasePage - Text fetched : Epic sadface: Sorry, this user has been locked out.
2026-07-25 13:17:11 INFO  [main] LoginTest - PASS : Locked user message verified
2026-07-25 13:17:11 INFO  [main] LoginTest - TEST PASSED : Verify Locked User Login
2026-07-25 13:17:11 INFO  [main] LoginTest - ==================================================
2026-07-25 13:17:11 INFO  [main] BaseTest - Cleaning test execution
2026-07-25 13:17:11 INFO  [main] DriverFactory - Closing browser
2026-07-25 13:17:11 INFO  [main] DriverFactory - Browser closed successfully
2026-07-25 13:17:11 INFO  [main] BaseTest - ========== Test Execution Completed ==========
2026-07-25 13:17:11 INFO  [main] BaseTest - ========== Starting Test : verifyValidLogin ==========
2026-07-25 13:17:11 INFO  [main] DriverFactory - Initializing browser : CHROME
2026-07-25 13:17:11 INFO  [main] LoginTest - ==================================================
2026-07-25 13:17:11 INFO  [main] LoginTest - TEST STARTED : Verify Locked User Login
2026-07-25 13:17:11 INFO  [main] LoginTest - ==================================================
2026-07-25 13:17:11 INFO  [main] LoginTest - Step 1 : Enter locked username
2026-07-25 13:17:11 INFO  [main] LoginTest - Step 2 : Enter password
2026-07-25 13:17:11 INFO  [main] LoginTest - Step 3 : Click Login button
2026-07-25 13:17:11 INFO  [main] LoginPage - Entering username : locked_out_user
2026-07-25 13:17:11 INFO  [main] BasePage - Entering text : locked_out_user
2026-07-25 13:17:12 INFO  [main] LoginPage - Entering password
2026-07-25 13:17:12 INFO  [main] BasePage - Entering text : secret_sauce
2026-07-25 13:17:12 INFO  [main] LoginPage - Clicking Login button
2026-07-25 13:17:12 INFO  [main] BasePage - Clicking element : [[ChromeDriver: chrome on windows (da3176fb986c72dc93e1ce3e55076b41)] -> id: login-button]
2026-07-25 13:17:12 INFO  [main] LoginTest - Step 4 : Verify error message displayed
2026-07-25 13:17:12 INFO  [main] LoginTest - PASS : Error message displayed
2026-07-25 13:17:12 INFO  [main] LoginTest - Step 5 : Verify locked user message
2026-07-25 13:17:12 INFO  [main] BasePage - Text fetched : Epic sadface: Sorry, this user has been locked out.
2026-07-25 13:17:12 INFO  [main] LoginTest - PASS : Locked user message verified
2026-07-25 13:17:12 INFO  [main] LoginTest - TEST PASSED : Verify Locked User Login
2026-07-25 13:17:12 INFO  [main] LoginTest - ==================================================
2026-07-25 13:17:12 INFO  [main] BaseTest - Cleaning test execution
2026-07-25 13:17:12 INFO  [main] DriverFactory - Closing browser
2026-07-25 13:17:13 INFO  [main] DriverFactory - Browser closed successfully
2026-07-25 13:17:13 INFO  [main] BaseTest - ========== Test Execution Completed ==========
2026-07-25 13:17:13 INFO  [main] BaseTest - ========== Starting Test : verifyValidLogin ==========
2026-07-25 13:17:13 INFO  [main] DriverFactory - Initializing browser : CHROME
2026-07-25 13:17:14 INFO  [main] DriverFactory - CHROME browser launched successfully
2026-07-25 13:17:14 INFO  [main] BaseTest - Opening application URL : https://www.saucedemo.com/
2026-07-25 13:17:15 INFO  [main] DriverFactory - CHROME browser launched successfully
2026-07-25 13:17:15 INFO  [main] BaseTest - Opening application URL : https://www.saucedemo.com/
2026-07-25 13:17:18 INFO  [main] LoginTest - ==================================================
2026-07-25 13:17:18 INFO  [main] LoginTest - TEST STARTED : Verify Valid Login
2026-07-25 13:17:18 INFO  [main] LoginTest - ==================================================
2026-07-25 13:17:18 INFO  [main] LoginTest - Step 1 : Launch SauceDemo application
2026-07-25 13:17:18 INFO  [main] LoginTest - Step 2 : Enter username : standard_user
2026-07-25 13:17:18 INFO  [main] LoginTest - Step 3 : Enter password
2026-07-25 13:17:18 INFO  [main] LoginTest - Step 4 : Click Login button
2026-07-25 13:17:18 INFO  [main] LoginPage - Entering username : standard_user
2026-07-25 13:17:18 INFO  [main] BasePage - Entering text : standard_user
2026-07-25 13:17:19 INFO  [main] LoginPage - Entering password
2026-07-25 13:17:19 INFO  [main] BasePage - Entering text : secret_sauce
2026-07-25 13:17:19 INFO  [main] LoginPage - Clicking Login button
2026-07-25 13:17:19 INFO  [main] BasePage - Clicking element : [[ChromeDriver: chrome on windows (fffe03c2b51eec8eb9f23dc43dfa1f3c)] -> id: login-button]
2026-07-25 13:17:19 INFO  [main] LoginPage - Login successful
2026-07-25 13:17:19 INFO  [main] LoginTest - Step 5 : Verify Products page is displayed
2026-07-25 13:17:19 INFO  [main] HomePage - Checking products page visibility
2026-07-25 13:17:19 INFO  [main] LoginTest - PASS : Products page displayed
2026-07-25 13:17:19 INFO  [main] LoginTest - Step 6 : Verify page title
2026-07-25 13:17:19 INFO  [main] HomePage - Getting page title
2026-07-25 13:17:19 INFO  [main] BasePage - Text fetched : Products
2026-07-25 13:17:19 INFO  [main] LoginTest - PASS : Page title verified
2026-07-25 13:17:19 INFO  [main] LoginTest - Step 7 : Verify menu button
2026-07-25 13:17:19 INFO  [main] HomePage - Checking menu visibility
2026-07-25 13:17:19 INFO  [main] LoginTest - PASS : Menu button displayed
2026-07-25 13:17:19 INFO  [main] LoginTest - TEST PASSED : Verify Valid Login
2026-07-25 13:17:19 INFO  [main] LoginTest - ==================================================
2026-07-25 13:17:19 INFO  [main] BaseTest - Cleaning test execution
2026-07-25 13:17:19 INFO  [main] DriverFactory - Closing browser
2026-07-25 13:17:19 INFO  [main] DriverFactory - Browser closed successfully
2026-07-25 13:17:19 INFO  [main] BaseTest - ========== Test Execution Completed ==========
2026-07-25 13:17:20 INFO  [main] LoginTest - ==================================================
2026-07-25 13:17:20 INFO  [main] LoginTest - TEST STARTED : Verify Valid Login
2026-07-25 13:17:20 INFO  [main] LoginTest - ==================================================
2026-07-25 13:17:20 INFO  [main] LoginTest - Step 1 : Launch SauceDemo application
2026-07-25 13:17:20 INFO  [main] LoginTest - Step 2 : Enter username : standard_user
2026-07-25 13:17:20 INFO  [main] LoginTest - Step 3 : Enter password
2026-07-25 13:17:20 INFO  [main] LoginTest - Step 4 : Click Login button
2026-07-25 13:17:20 INFO  [main] LoginPage - Entering username : standard_user
2026-07-25 13:17:20 INFO  [main] BasePage - Entering text : standard_user
2026-07-25 13:17:20 INFO  [main] LoginPage - Entering password
2026-07-25 13:17:20 INFO  [main] BasePage - Entering text : secret_sauce
2026-07-25 13:17:20 INFO  [main] LoginPage - Clicking Login button
2026-07-25 13:17:20 INFO  [main] BasePage - Clicking element : [[ChromeDriver: chrome on windows (12dbcb8416663b3a7dd56bcb98fbf0f8)] -> id: login-button]
2026-07-25 13:17:21 INFO  [main] LoginPage - Login successful
2026-07-25 13:17:21 INFO  [main] LoginTest - Step 5 : Verify Products page is displayed
2026-07-25 13:17:21 INFO  [main] HomePage - Checking products page visibility
2026-07-25 13:17:21 INFO  [main] LoginTest - PASS : Products page displayed
2026-07-25 13:17:21 INFO  [main] LoginTest - Step 6 : Verify page title
2026-07-25 13:17:21 INFO  [main] HomePage - Getting page title
2026-07-25 13:17:21 INFO  [main] BasePage - Text fetched : Products
2026-07-25 13:17:21 INFO  [main] LoginTest - PASS : Page title verified
2026-07-25 13:17:21 INFO  [main] LoginTest - Step 7 : Verify menu button
2026-07-25 13:17:21 INFO  [main] HomePage - Checking menu visibility
2026-07-25 13:17:21 INFO  [main] LoginTest - PASS : Menu button displayed
2026-07-25 13:17:21 INFO  [main] LoginTest - TEST PASSED : Verify Valid Login
2026-07-25 13:17:21 INFO  [main] LoginTest - ==================================================
2026-07-25 13:17:21 INFO  [main] BaseTest - Cleaning test execution
2026-07-25 13:17:21 INFO  [main] DriverFactory - Closing browser
2026-07-25 13:17:21 INFO  [main] DriverFactory - Browser closed successfully
2026-07-25 13:17:21 INFO  [main] BaseTest - ========== Test Execution Completed ==========
2026-07-25 13:17:40 INFO  [main] TestListener - ========== Test Execution Started ==========
2026-07-25 13:17:40 INFO  [main] ExtentReportManager - Extent Report Created : C:\Users\HP\Desktop\Project\selenium-testng-framework\reports\AutomationReport_20260725_131740.html
2026-07-25 13:17:40 INFO  [TestNG-test=Login Test-1] BaseTest - ========== Starting Test : verifyInvalidLogin ==========
2026-07-25 13:17:40 INFO  [TestNG-test=Login Test-1] ConfigReader - Loading config.properties file
2026-07-25 13:17:40 INFO  [TestNG-test=Login Test-1] ConfigReader - Configuration loaded successfully
2026-07-25 13:17:40 INFO  [TestNG-test=Login Test-1] DriverFactory - Initializing browser : CHROME
2026-07-25 13:17:42 INFO  [TestNG-test=Login Test-1] DriverFactory - CHROME browser launched successfully
2026-07-25 13:17:42 INFO  [TestNG-test=Login Test-1] BaseTest - Opening application URL : https://www.saucedemo.com/
2026-07-25 13:17:45 INFO  [TestNG-test=Login Test-1] TestListener - Test Started : com.amol.automation.tests.LoginTest.verifyInvalidLogin
2026-07-25 13:17:45 INFO  [TestNG-test=Login Test-1] ExtentReportManager - Extent Test Created : com.amol.automation.tests.LoginTest.verifyInvalidLogin
2026-07-25 13:17:45 INFO  [TestNG-test=Login Test-1] LoginTest - ==================================================
2026-07-25 13:17:45 INFO  [TestNG-test=Login Test-1] LoginTest - TEST STARTED : Verify Invalid Login
2026-07-25 13:17:45 INFO  [TestNG-test=Login Test-1] LoginTest - ==================================================
2026-07-25 13:17:45 INFO  [TestNG-test=Login Test-1] LoginTest - Step 1 : Enter invalid username
2026-07-25 13:17:45 INFO  [TestNG-test=Login Test-1] LoginTest - Step 2 : Enter invalid password
2026-07-25 13:17:45 INFO  [TestNG-test=Login Test-1] LoginTest - Step 3 : Click Login button
2026-07-25 13:17:45 INFO  [TestNG-test=Login Test-1] LoginPage - Entering username : invalid_user
2026-07-25 13:17:45 INFO  [TestNG-test=Login Test-1] BasePage - Entering text : invalid_user
2026-07-25 13:17:46 INFO  [TestNG-test=Login Test-1] LoginPage - Entering password
2026-07-25 13:17:46 INFO  [TestNG-test=Login Test-1] BasePage - Entering text : wrong_password
2026-07-25 13:17:46 INFO  [TestNG-test=Login Test-1] LoginPage - Clicking Login button
2026-07-25 13:17:46 INFO  [TestNG-test=Login Test-1] BasePage - Clicking element : [[ChromeDriver: chrome on windows (feda4b343fd8fcd36a7c513b3cd124f4)] -> id: login-button]
2026-07-25 13:17:46 INFO  [TestNG-test=Login Test-1] LoginTest - Step 4 : Verify error message displayed
2026-07-25 13:17:46 INFO  [TestNG-test=Login Test-1] LoginTest - PASS : Error message displayed
2026-07-25 13:17:46 INFO  [TestNG-test=Login Test-1] LoginTest - Step 5 : Verify invalid credentials message
2026-07-25 13:17:46 INFO  [TestNG-test=Login Test-1] BasePage - Text fetched : Epic sadface: Username and password do not match any user in this service
2026-07-25 13:17:46 INFO  [TestNG-test=Login Test-1] LoginTest - PASS : Invalid credentials message verified
2026-07-25 13:17:46 INFO  [TestNG-test=Login Test-1] LoginTest - TEST PASSED : Verify Invalid Login
2026-07-25 13:17:46 INFO  [TestNG-test=Login Test-1] LoginTest - ==================================================
2026-07-25 13:17:46 INFO  [TestNG-test=Login Test-1] TestListener - Test Passed : verifyInvalidLogin
2026-07-25 13:17:46 INFO  [TestNG-test=Login Test-1] BaseTest - Cleaning test execution
2026-07-25 13:17:46 INFO  [TestNG-test=Login Test-1] DriverFactory - Closing browser
2026-07-25 13:17:46 INFO  [TestNG-test=Login Test-1] DriverFactory - Browser closed successfully
2026-07-25 13:17:46 INFO  [TestNG-test=Login Test-1] BaseTest - ========== Test Execution Completed ==========
2026-07-25 13:17:46 INFO  [TestNG-test=Login Test-1] BaseTest - ========== Starting Test : verifyLockedUserLogin ==========
2026-07-25 13:17:46 INFO  [TestNG-test=Login Test-1] DriverFactory - Initializing browser : CHROME
2026-07-25 13:17:47 INFO  [TestNG-test=Login Test-1] DriverFactory - CHROME browser launched successfully
2026-07-25 13:17:47 INFO  [TestNG-test=Login Test-1] BaseTest - Opening application URL : https://www.saucedemo.com/
2026-07-25 13:17:50 INFO  [TestNG-test=Login Test-1] TestListener - Test Started : com.amol.automation.tests.LoginTest.verifyLockedUserLogin
2026-07-25 13:17:50 INFO  [TestNG-test=Login Test-1] ExtentReportManager - Extent Test Created : com.amol.automation.tests.LoginTest.verifyLockedUserLogin
2026-07-25 13:17:50 INFO  [TestNG-test=Login Test-1] LoginTest - ==================================================
2026-07-25 13:17:50 INFO  [TestNG-test=Login Test-1] LoginTest - TEST STARTED : Verify Locked User Login
2026-07-25 13:17:50 INFO  [TestNG-test=Login Test-1] LoginTest - ==================================================
2026-07-25 13:17:50 INFO  [TestNG-test=Login Test-1] LoginTest - Step 1 : Enter locked username
2026-07-25 13:17:50 INFO  [TestNG-test=Login Test-1] LoginTest - Step 2 : Enter password
2026-07-25 13:17:50 INFO  [TestNG-test=Login Test-1] LoginTest - Step 3 : Click Login button
2026-07-25 13:17:50 INFO  [TestNG-test=Login Test-1] LoginPage - Entering username : locked_out_user
2026-07-25 13:17:50 INFO  [TestNG-test=Login Test-1] BasePage - Entering text : locked_out_user
2026-07-25 13:17:50 INFO  [TestNG-test=Login Test-1] LoginPage - Entering password
2026-07-25 13:17:50 INFO  [TestNG-test=Login Test-1] BasePage - Entering text : secret_sauce
2026-07-25 13:17:51 INFO  [TestNG-test=Login Test-1] LoginPage - Clicking Login button
2026-07-25 13:17:51 INFO  [TestNG-test=Login Test-1] BasePage - Clicking element : [[ChromeDriver: chrome on windows (aacecef04e17c0cf1dc9ea61a0275be0)] -> id: login-button]
2026-07-25 13:17:51 INFO  [TestNG-test=Login Test-1] LoginTest - Step 4 : Verify error message displayed
2026-07-25 13:17:51 INFO  [TestNG-test=Login Test-1] LoginTest - PASS : Error message displayed
2026-07-25 13:17:51 INFO  [TestNG-test=Login Test-1] LoginTest - Step 5 : Verify locked user message
2026-07-25 13:17:51 INFO  [TestNG-test=Login Test-1] BasePage - Text fetched : Epic sadface: Sorry, this user has been locked out.
2026-07-25 13:17:51 INFO  [TestNG-test=Login Test-1] LoginTest - PASS : Locked user message verified
2026-07-25 13:17:51 INFO  [TestNG-test=Login Test-1] LoginTest - TEST PASSED : Verify Locked User Login
2026-07-25 13:17:51 INFO  [TestNG-test=Login Test-1] LoginTest - ==================================================
2026-07-25 13:17:51 INFO  [TestNG-test=Login Test-1] TestListener - Test Passed : verifyLockedUserLogin
2026-07-25 13:17:51 INFO  [TestNG-test=Login Test-1] BaseTest - Cleaning test execution
2026-07-25 13:17:51 INFO  [TestNG-test=Login Test-1] DriverFactory - Closing browser
2026-07-25 13:17:51 INFO  [TestNG-test=Login Test-1] DriverFactory - Browser closed successfully
2026-07-25 13:17:51 INFO  [TestNG-test=Login Test-1] BaseTest - ========== Test Execution Completed ==========
2026-07-25 13:17:51 INFO  [TestNG-test=Login Test-1] BaseTest - ========== Starting Test : verifyValidLogin ==========
2026-07-25 13:17:51 INFO  [TestNG-test=Login Test-1] DriverFactory - Initializing browser : CHROME
2026-07-25 13:17:52 INFO  [TestNG-test=Login Test-1] DriverFactory - CHROME browser launched successfully
2026-07-25 13:17:52 INFO  [TestNG-test=Login Test-1] BaseTest - Opening application URL : https://www.saucedemo.com/
2026-07-25 13:17:55 INFO  [TestNG-test=Login Test-1] TestListener - Test Started : com.amol.automation.tests.LoginTest.verifyValidLogin
2026-07-25 13:17:55 INFO  [TestNG-test=Login Test-1] ExtentReportManager - Extent Test Created : com.amol.automation.tests.LoginTest.verifyValidLogin
2026-07-25 13:17:55 INFO  [TestNG-test=Login Test-1] LoginTest - ==================================================
2026-07-25 13:17:55 INFO  [TestNG-test=Login Test-1] LoginTest - TEST STARTED : Verify Valid Login
2026-07-25 13:17:55 INFO  [TestNG-test=Login Test-1] LoginTest - ==================================================
2026-07-25 13:17:55 INFO  [TestNG-test=Login Test-1] LoginTest - Step 1 : Launch SauceDemo application
2026-07-25 13:17:55 INFO  [TestNG-test=Login Test-1] LoginTest - Step 2 : Enter username : standard_user
2026-07-25 13:17:55 INFO  [TestNG-test=Login Test-1] LoginTest - Step 3 : Enter password
2026-07-25 13:17:55 INFO  [TestNG-test=Login Test-1] LoginTest - Step 4 : Click Login button
2026-07-25 13:17:55 INFO  [TestNG-test=Login Test-1] LoginPage - Entering username : standard_user
2026-07-25 13:17:55 INFO  [TestNG-test=Login Test-1] BasePage - Entering text : standard_user
2026-07-25 13:17:55 INFO  [TestNG-test=Login Test-1] LoginPage - Entering password
2026-07-25 13:17:55 INFO  [TestNG-test=Login Test-1] BasePage - Entering text : secret_sauce
2026-07-25 13:17:55 INFO  [TestNG-test=Login Test-1] LoginPage - Clicking Login button
2026-07-25 13:17:55 INFO  [TestNG-test=Login Test-1] BasePage - Clicking element : [[ChromeDriver: chrome on windows (ed5b3e36a905d79b788ed669b7b2a67f)] -> id: login-button]
2026-07-25 13:17:55 INFO  [TestNG-test=Login Test-1] LoginPage - Login successful
2026-07-25 13:17:55 INFO  [TestNG-test=Login Test-1] LoginTest - Step 5 : Verify Products page is displayed
2026-07-25 13:17:55 INFO  [TestNG-test=Login Test-1] HomePage - Checking products page visibility
2026-07-25 13:17:55 INFO  [TestNG-test=Login Test-1] LoginTest - PASS : Products page displayed
2026-07-25 13:17:55 INFO  [TestNG-test=Login Test-1] LoginTest - Step 6 : Verify page title
2026-07-25 13:17:55 INFO  [TestNG-test=Login Test-1] HomePage - Getting page title
2026-07-25 13:17:55 INFO  [TestNG-test=Login Test-1] BasePage - Text fetched : Products
2026-07-25 13:17:55 INFO  [TestNG-test=Login Test-1] LoginTest - PASS : Page title verified
2026-07-25 13:17:55 INFO  [TestNG-test=Login Test-1] LoginTest - Step 7 : Verify menu button
2026-07-25 13:17:55 INFO  [TestNG-test=Login Test-1] HomePage - Checking menu visibility
2026-07-25 13:17:55 INFO  [TestNG-test=Login Test-1] LoginTest - PASS : Menu button displayed
2026-07-25 13:17:55 INFO  [TestNG-test=Login Test-1] LoginTest - TEST PASSED : Verify Valid Login
2026-07-25 13:17:55 INFO  [TestNG-test=Login Test-1] LoginTest - ==================================================
2026-07-25 13:17:55 INFO  [TestNG-test=Login Test-1] TestListener - Test Passed : verifyValidLogin
2026-07-25 13:17:55 INFO  [TestNG-test=Login Test-1] BaseTest - Cleaning test execution
2026-07-25 13:17:55 INFO  [TestNG-test=Login Test-1] DriverFactory - Closing browser
2026-07-25 13:17:56 INFO  [TestNG-test=Login Test-1] DriverFactory - Browser closed successfully
2026-07-25 13:17:56 INFO  [TestNG-test=Login Test-1] BaseTest - ========== Test Execution Completed ==========
2026-07-25 13:17:56 INFO  [main] TestListener - ========== Test Execution Completed ==========
2026-07-25 13:17:56 INFO  [main] ExtentReportManager - Extent Report flushed
2026-07-25 16:54:49 INFO  [main] TestListener - ========== Test Execution Started ==========
2026-07-25 16:54:49 INFO  [main] ExtentReportManager - Extent Report Created : C:\Users\HP\Desktop\Project\selenium-testng-framework\reports\AutomationReport_20260725_165449.html
2026-07-25 16:54:49 INFO  [TestNG-test=Login Test-1] BaseTest - ========== Starting Test : verifyInvalidLogin ==========
2026-07-25 16:54:49 INFO  [TestNG-test=Login Test-1] ConfigReader - Loading config.properties file
2026-07-25 16:54:49 INFO  [TestNG-test=Login Test-1] ConfigReader - Configuration loaded successfully
2026-07-25 16:54:49 INFO  [TestNG-test=Login Test-1] DriverFactory - Initializing browser : CHROME
2026-07-25 16:54:53 INFO  [TestNG-test=Login Test-1] DriverFactory - CHROME browser launched successfully
2026-07-25 16:54:53 INFO  [TestNG-test=Login Test-1] BaseTest - Opening application URL : https://www.saucedemo.com/
2026-07-25 16:54:57 INFO  [TestNG-test=Login Test-1] TestListener - Starting Test : LoginTest.verifyInvalidLogin
2026-07-25 16:54:57 INFO  [TestNG-test=Login Test-1] ExtentReportManager - Extent Test Created : LoginTest.verifyInvalidLogin
2026-07-25 16:54:57 INFO  [TestNG-test=Login Test-1] LoginTest - TEST STARTED : Verify Invalid Login
2026-07-25 16:54:57 INFO  [TestNG-test=Login Test-1] LoginPage - Entering username : invalid_user
2026-07-25 16:54:57 INFO  [TestNG-test=Login Test-1] BasePage - Entering text : invalid_user
2026-07-25 16:54:57 INFO  [TestNG-test=Login Test-1] LoginPage - Entering password
2026-07-25 16:54:57 INFO  [TestNG-test=Login Test-1] BasePage - Entering text : wrong_password
2026-07-25 16:54:58 INFO  [TestNG-test=Login Test-1] LoginPage - Clicking Login button
2026-07-25 16:54:58 INFO  [TestNG-test=Login Test-1] BasePage - Clicking element : [[ChromeDriver: chrome on windows (0d5249b2bdbec0febc0aa002428a8308)] -> id: login-button]
2026-07-25 16:54:58 INFO  [TestNG-test=Login Test-1] BasePage - Text fetched : Epic sadface: Username and password do not match any user in this service
2026-07-25 16:54:58 INFO  [TestNG-test=Login Test-1] LoginTest - TEST PASSED : Verify Invalid Login
2026-07-25 16:54:58 INFO  [TestNG-test=Login Test-1] TestListener - Test Passed : verifyInvalidLogin
2026-07-25 16:54:58 INFO  [TestNG-test=Login Test-1] BaseTest - Cleaning test execution
2026-07-25 16:54:58 INFO  [TestNG-test=Login Test-1] DriverFactory - Closing browser
2026-07-25 16:54:58 INFO  [TestNG-test=Login Test-1] DriverFactory - Browser closed successfully
2026-07-25 16:54:58 INFO  [TestNG-test=Login Test-1] BaseTest - ========== Test Execution Completed ==========
2026-07-25 16:54:58 INFO  [TestNG-test=Login Test-1] BaseTest - ========== Starting Test : verifyLockedUserLogin ==========
2026-07-25 16:54:58 INFO  [TestNG-test=Login Test-1] DriverFactory - Initializing browser : CHROME
2026-07-25 16:54:59 INFO  [TestNG-test=Login Test-1] DriverFactory - CHROME browser launched successfully
2026-07-25 16:54:59 INFO  [TestNG-test=Login Test-1] BaseTest - Opening application URL : https://www.saucedemo.com/
2026-07-25 16:55:02 INFO  [TestNG-test=Login Test-1] TestListener - Starting Test : LoginTest.verifyLockedUserLogin
2026-07-25 16:55:02 INFO  [TestNG-test=Login Test-1] ExtentReportManager - Extent Test Created : LoginTest.verifyLockedUserLogin
2026-07-25 16:55:02 INFO  [TestNG-test=Login Test-1] LoginTest - TEST STARTED : Verify Locked User Login
2026-07-25 16:55:02 INFO  [TestNG-test=Login Test-1] LoginPage - Entering username : locked_out_user
2026-07-25 16:55:02 INFO  [TestNG-test=Login Test-1] BasePage - Entering text : locked_out_user
2026-07-25 16:55:03 INFO  [TestNG-test=Login Test-1] LoginPage - Entering password
2026-07-25 16:55:03 INFO  [TestNG-test=Login Test-1] BasePage - Entering text : secret_sauce
2026-07-25 16:55:03 INFO  [TestNG-test=Login Test-1] LoginPage - Clicking Login button
2026-07-25 16:55:03 INFO  [TestNG-test=Login Test-1] BasePage - Clicking element : [[ChromeDriver: chrome on windows (c5f16351e46786b6b607b236a9252fd4)] -> id: login-button]
2026-07-25 16:55:03 INFO  [TestNG-test=Login Test-1] BasePage - Text fetched : Epic sadface: Sorry, this user has been locked out.
2026-07-25 16:55:03 INFO  [TestNG-test=Login Test-1] LoginTest - TEST PASSED : Verify Locked User Login
2026-07-25 16:55:03 INFO  [TestNG-test=Login Test-1] TestListener - Test Passed : verifyLockedUserLogin
2026-07-25 16:55:03 INFO  [TestNG-test=Login Test-1] BaseTest - Cleaning test execution
2026-07-25 16:55:03 INFO  [TestNG-test=Login Test-1] DriverFactory - Closing browser
2026-07-25 16:55:03 INFO  [TestNG-test=Login Test-1] DriverFactory - Browser closed successfully
2026-07-25 16:55:03 INFO  [TestNG-test=Login Test-1] BaseTest - ========== Test Execution Completed ==========
2026-07-25 16:55:03 INFO  [TestNG-test=Login Test-1] BaseTest - ========== Starting Test : verifyValidLogin ==========
2026-07-25 16:55:03 INFO  [TestNG-test=Login Test-1] DriverFactory - Initializing browser : CHROME
2026-07-25 16:55:04 INFO  [TestNG-test=Login Test-1] DriverFactory - CHROME browser launched successfully
2026-07-25 16:55:04 INFO  [TestNG-test=Login Test-1] BaseTest - Opening application URL : https://www.saucedemo.com/
2026-07-25 16:55:07 INFO  [TestNG-test=Login Test-1] TestListener - Starting Test : LoginTest.verifyValidLogin
2026-07-25 16:55:07 INFO  [TestNG-test=Login Test-1] ExtentReportManager - Extent Test Created : LoginTest.verifyValidLogin
2026-07-25 16:55:07 INFO  [TestNG-test=Login Test-1] LoginTest - TEST STARTED : Verify Valid Login
2026-07-25 16:55:07 INFO  [TestNG-test=Login Test-1] LoginPage - Entering username : standard_user
2026-07-25 16:55:07 INFO  [TestNG-test=Login Test-1] BasePage - Entering text : standard_user
2026-07-25 16:55:07 INFO  [TestNG-test=Login Test-1] LoginPage - Entering password
2026-07-25 16:55:07 INFO  [TestNG-test=Login Test-1] BasePage - Entering text : secret_sauce
2026-07-25 16:55:07 INFO  [TestNG-test=Login Test-1] LoginPage - Clicking Login button
2026-07-25 16:55:07 INFO  [TestNG-test=Login Test-1] BasePage - Clicking element : [[ChromeDriver: chrome on windows (f3d4587dc9ecf6ee93faccac99ea6d71)] -> id: login-button]
2026-07-25 16:55:08 INFO  [TestNG-test=Login Test-1] LoginPage - Login successful
2026-07-25 16:55:08 INFO  [TestNG-test=Login Test-1] HomePage - Checking products page visibility
2026-07-25 16:55:08 INFO  [TestNG-test=Login Test-1] HomePage - Getting page title
2026-07-25 16:55:08 INFO  [TestNG-test=Login Test-1] BasePage - Text fetched : Products
2026-07-25 16:55:08 INFO  [TestNG-test=Login Test-1] HomePage - Checking menu visibility
2026-07-25 16:55:08 INFO  [TestNG-test=Login Test-1] LoginTest - TEST PASSED : Verify Valid Login
2026-07-25 16:55:08 INFO  [TestNG-test=Login Test-1] TestListener - Test Passed : verifyValidLogin
2026-07-25 16:55:08 INFO  [TestNG-test=Login Test-1] BaseTest - Cleaning test execution
2026-07-25 16:55:08 INFO  [TestNG-test=Login Test-1] DriverFactory - Closing browser
2026-07-25 16:55:08 INFO  [TestNG-test=Login Test-1] DriverFactory - Browser closed successfully
2026-07-25 16:55:08 INFO  [TestNG-test=Login Test-1] BaseTest - ========== Test Execution Completed ==========
2026-07-25 16:55:08 INFO  [main] TestListener - ========== Test Execution Completed ==========
2026-07-25 16:55:08 INFO  [main] ExtentReportManager - Extent Report flushed
2026-07-25 16:57:39 INFO  [main] TestListener - ========== Test Execution Started ==========
2026-07-25 16:57:40 INFO  [main] ExtentReportManager - Extent Report Created : C:\Users\HP\Desktop\Project\selenium-testng-framework\reports\AutomationReport_20260725_165739.html
2026-07-25 16:57:40 INFO  [TestNG-test=Login Test-1] BaseTest - ========== Starting Test : verifyValidLogin ==========
2026-07-25 16:57:40 INFO  [TestNG-test=Login Test-1] ConfigReader - Loading config.properties file
2026-07-25 16:57:40 INFO  [TestNG-test=Login Test-1] ConfigReader - Configuration loaded successfully
2026-07-25 16:57:40 INFO  [TestNG-test=Login Test-1] DriverFactory - Initializing browser : CHROME
2026-07-25 16:57:42 INFO  [TestNG-test=Login Test-1] DriverFactory - CHROME browser launched successfully
2026-07-25 16:57:42 INFO  [TestNG-test=Login Test-1] BaseTest - Opening application URL : https://www.saucedemo.com/
2026-07-25 16:57:44 INFO  [TestNG-test=Login Test-1] TestListener - Starting Test : LoginTest.verifyValidLogin
2026-07-25 16:57:44 INFO  [TestNG-test=Login Test-1] ExtentReportManager - Extent Test Created : LoginTest.verifyValidLogin
2026-07-25 16:57:44 INFO  [TestNG-test=Login Test-1] LoginTest - ==================================================
2026-07-25 16:57:44 INFO  [TestNG-test=Login Test-1] LoginTest - TEST STARTED : Verify Valid Login
2026-07-25 16:57:44 INFO  [TestNG-test=Login Test-1] LoginTest - ==================================================
2026-07-25 16:57:44 INFO  [TestNG-test=Login Test-1] LoginPage - Entering username : standard_user
2026-07-25 16:57:44 INFO  [TestNG-test=Login Test-1] BasePage - Entering text : standard_user
2026-07-25 16:57:45 INFO  [TestNG-test=Login Test-1] LoginPage - Entering password
2026-07-25 16:57:45 INFO  [TestNG-test=Login Test-1] BasePage - Entering text : secret_sauce
2026-07-25 16:57:45 INFO  [TestNG-test=Login Test-1] LoginPage - Clicking Login button
2026-07-25 16:57:45 INFO  [TestNG-test=Login Test-1] BasePage - Clicking element : [[ChromeDriver: chrome on windows (ddc570dc4f28aa7b967b9e6ff1e9635c)] -> id: login-button]
2026-07-25 16:57:45 INFO  [TestNG-test=Login Test-1] LoginPage - Login successful
2026-07-25 16:57:45 INFO  [TestNG-test=Login Test-1] HomePage - Checking products page visibility
2026-07-25 16:57:45 INFO  [TestNG-test=Login Test-1] HomePage - Getting page title
2026-07-25 16:57:45 INFO  [TestNG-test=Login Test-1] BasePage - Text fetched : Products
2026-07-25 16:57:45 INFO  [TestNG-test=Login Test-1] HomePage - Checking menu visibility
2026-07-25 16:57:45 INFO  [TestNG-test=Login Test-1] LoginTest - TEST PASSED : Verify Valid Login
2026-07-25 16:57:45 INFO  [TestNG-test=Login Test-1] TestListener - Test Passed : verifyValidLogin
2026-07-25 16:57:45 INFO  [TestNG-test=Login Test-1] BaseTest - Cleaning test execution
2026-07-25 16:57:45 INFO  [TestNG-test=Login Test-1] DriverFactory - Closing browser
2026-07-25 16:57:45 INFO  [TestNG-test=Login Test-1] DriverFactory - Browser closed successfully
2026-07-25 16:57:45 INFO  [TestNG-test=Login Test-1] BaseTest - ========== Test Execution Completed ==========
2026-07-25 16:57:45 INFO  [main] TestListener - ========== Test Execution Completed ==========
2026-07-25 16:57:46 INFO  [main] ExtentReportManager - Extent Report flushed
2026-07-25 17:00:56 INFO  [main] TestListener - ========== Test Execution Started ==========
2026-07-25 17:00:56 INFO  [main] ExtentReportManager - Extent Report Created : C:\Users\HP\Desktop\Project\selenium-testng-framework\reports\AutomationReport_20260725_170056.html
2026-07-25 17:00:56 INFO  [TestNG-test=Login Test-1] BaseTest - ========== Starting Test : verifyInvalidLogin ==========
2026-07-25 17:00:56 INFO  [TestNG-test=Login Test-1] ConfigReader - Loading config.properties file
2026-07-25 17:00:56 INFO  [TestNG-test=Login Test-1] ConfigReader - Configuration loaded successfully
2026-07-25 17:00:56 INFO  [TestNG-test=Login Test-1] DriverFactory - Initializing browser : CHROME
2026-07-25 17:00:58 INFO  [TestNG-test=Login Test-1] DriverFactory - CHROME browser launched successfully
2026-07-25 17:00:58 INFO  [TestNG-test=Login Test-1] BaseTest - Opening application URL : https://www.saucedemo.com/
2026-07-25 17:01:01 INFO  [TestNG-test=Login Test-1] TestListener - Starting Test : LoginTest.verifyInvalidLogin
2026-07-25 17:01:01 INFO  [TestNG-test=Login Test-1] ExtentReportManager - Extent Test Created : LoginTest.verifyInvalidLogin
2026-07-25 17:01:01 INFO  [TestNG-test=Login Test-1] LoginTest - TEST STARTED : Verify Invalid Login
2026-07-25 17:01:01 INFO  [TestNG-test=Login Test-1] LoginPage - Entering username : invalid_user
2026-07-25 17:01:01 INFO  [TestNG-test=Login Test-1] BasePage - Entering text : invalid_user
2026-07-25 17:01:01 INFO  [TestNG-test=Login Test-1] LoginPage - Entering password
2026-07-25 17:01:01 INFO  [TestNG-test=Login Test-1] BasePage - Entering text : wrong_password
2026-07-25 17:01:01 INFO  [TestNG-test=Login Test-1] LoginPage - Clicking Login button
2026-07-25 17:01:01 INFO  [TestNG-test=Login Test-1] BasePage - Clicking element : [[ChromeDriver: chrome on windows (b64775c914d45da5786e53dd545e7152)] -> id: login-button]
2026-07-25 17:01:02 INFO  [TestNG-test=Login Test-1] BasePage - Text fetched : Epic sadface: Username and password do not match any user in this service
2026-07-25 17:01:02 INFO  [TestNG-test=Login Test-1] LoginTest - TEST PASSED : Verify Invalid Login
2026-07-25 17:01:02 INFO  [TestNG-test=Login Test-1] TestListener - Test Passed : verifyInvalidLogin
2026-07-25 17:01:02 INFO  [TestNG-test=Login Test-1] BaseTest - Cleaning test execution
2026-07-25 17:01:02 INFO  [TestNG-test=Login Test-1] DriverFactory - Closing browser
2026-07-25 17:01:02 INFO  [TestNG-test=Login Test-1] DriverFactory - Browser closed successfully
2026-07-25 17:01:02 INFO  [TestNG-test=Login Test-1] BaseTest - ========== Test Execution Completed ==========
2026-07-25 17:01:02 INFO  [TestNG-test=Login Test-1] BaseTest - ========== Starting Test : verifyLockedUserLogin ==========
2026-07-25 17:01:02 INFO  [TestNG-test=Login Test-1] DriverFactory - Initializing browser : CHROME
2026-07-25 17:01:03 INFO  [TestNG-test=Login Test-1] DriverFactory - CHROME browser launched successfully
2026-07-25 17:01:03 INFO  [TestNG-test=Login Test-1] BaseTest - Opening application URL : https://www.saucedemo.com/
2026-07-25 17:01:06 INFO  [TestNG-test=Login Test-1] TestListener - Starting Test : LoginTest.verifyLockedUserLogin
2026-07-25 17:01:06 INFO  [TestNG-test=Login Test-1] ExtentReportManager - Extent Test Created : LoginTest.verifyLockedUserLogin
2026-07-25 17:01:06 INFO  [TestNG-test=Login Test-1] LoginTest - TEST STARTED : Verify Locked User Login
2026-07-25 17:01:06 INFO  [TestNG-test=Login Test-1] LoginPage - Entering username : locked_out_user
2026-07-25 17:01:06 INFO  [TestNG-test=Login Test-1] BasePage - Entering text : locked_out_user
2026-07-25 17:01:06 INFO  [TestNG-test=Login Test-1] LoginPage - Entering password
2026-07-25 17:01:06 INFO  [TestNG-test=Login Test-1] BasePage - Entering text : secret_sauce
2026-07-25 17:01:06 INFO  [TestNG-test=Login Test-1] LoginPage - Clicking Login button
2026-07-25 17:01:06 INFO  [TestNG-test=Login Test-1] BasePage - Clicking element : [[ChromeDriver: chrome on windows (9b9d0125ec4f69b7e0fd6eff1301a4d4)] -> id: login-button]
2026-07-25 17:01:07 INFO  [TestNG-test=Login Test-1] BasePage - Text fetched : Epic sadface: Sorry, this user has been locked out.
2026-07-25 17:01:07 INFO  [TestNG-test=Login Test-1] LoginTest - TEST PASSED : Verify Locked User Login
2026-07-25 17:01:07 INFO  [TestNG-test=Login Test-1] TestListener - Test Passed : verifyLockedUserLogin
2026-07-25 17:01:07 INFO  [TestNG-test=Login Test-1] BaseTest - Cleaning test execution
2026-07-25 17:01:07 INFO  [TestNG-test=Login Test-1] DriverFactory - Closing browser
2026-07-25 17:01:07 INFO  [TestNG-test=Login Test-1] DriverFactory - Browser closed successfully
2026-07-25 17:01:07 INFO  [TestNG-test=Login Test-1] BaseTest - ========== Test Execution Completed ==========
2026-07-25 17:01:07 INFO  [TestNG-test=Login Test-1] BaseTest - ========== Starting Test : verifyValidLogin ==========
2026-07-25 17:01:07 INFO  [TestNG-test=Login Test-1] DriverFactory - Initializing browser : CHROME
2026-07-25 17:01:08 INFO  [TestNG-test=Login Test-1] DriverFactory - CHROME browser launched successfully
2026-07-25 17:01:08 INFO  [TestNG-test=Login Test-1] BaseTest - Opening application URL : https://www.saucedemo.com/
2026-07-25 17:01:11 INFO  [TestNG-test=Login Test-1] TestListener - Starting Test : LoginTest.verifyValidLogin
2026-07-25 17:01:11 INFO  [TestNG-test=Login Test-1] ExtentReportManager - Extent Test Created : LoginTest.verifyValidLogin
2026-07-25 17:01:11 INFO  [TestNG-test=Login Test-1] LoginTest - TEST STARTED : Verify Valid Login
2026-07-25 17:01:11 INFO  [TestNG-test=Login Test-1] LoginPage - Entering username : standard_user
2026-07-25 17:01:11 INFO  [TestNG-test=Login Test-1] BasePage - Entering text : standard_user
2026-07-25 17:01:11 INFO  [TestNG-test=Login Test-1] LoginPage - Entering password
2026-07-25 17:01:11 INFO  [TestNG-test=Login Test-1] BasePage - Entering text : secret_sauce
2026-07-25 17:01:11 INFO  [TestNG-test=Login Test-1] LoginPage - Clicking Login button
2026-07-25 17:01:11 INFO  [TestNG-test=Login Test-1] BasePage - Clicking element : [[ChromeDriver: chrome on windows (6fd52f8877354047ef128165cac4af56)] -> id: login-button]
2026-07-25 17:01:12 INFO  [TestNG-test=Login Test-1] LoginPage - Login successful
2026-07-25 17:01:12 INFO  [TestNG-test=Login Test-1] HomePage - Checking products page visibility
2026-07-25 17:01:12 INFO  [TestNG-test=Login Test-1] HomePage - Getting page title
2026-07-25 17:01:12 INFO  [TestNG-test=Login Test-1] BasePage - Text fetched : Products
2026-07-25 17:01:12 INFO  [TestNG-test=Login Test-1] HomePage - Checking menu visibility
2026-07-25 17:01:12 INFO  [TestNG-test=Login Test-1] LoginTest - TEST PASSED : Verify Valid Login
2026-07-25 17:01:12 INFO  [TestNG-test=Login Test-1] TestListener - Test Passed : verifyValidLogin
2026-07-25 17:01:12 INFO  [TestNG-test=Login Test-1] BaseTest - Cleaning test execution
2026-07-25 17:01:12 INFO  [TestNG-test=Login Test-1] DriverFactory - Closing browser
2026-07-25 17:01:12 INFO  [TestNG-test=Login Test-1] DriverFactory - Browser closed successfully
2026-07-25 17:01:12 INFO  [TestNG-test=Login Test-1] BaseTest - ========== Test Execution Completed ==========
2026-07-25 17:01:12 INFO  [main] TestListener - ========== Test Execution Completed ==========
2026-07-25 17:01:13 INFO  [main] ExtentReportManager - Extent Report flushed
2026-07-25 17:35:40 INFO  [main] TestListener - ========== Test Execution Started ==========
2026-07-25 17:35:40 INFO  [main] ExtentReportManager - Extent Report Created : C:\Users\HP\Desktop\Project\selenium-testng-framework\reports\AutomationReport_20260725_173540.html
2026-07-25 17:35:40 INFO  [TestNG-test=Login Test-1] BaseTest - ========== Starting Test : verifyInvalidLogin ==========
2026-07-25 17:35:40 INFO  [TestNG-test=Login Test-1] ConfigReader - Loading config.properties file
2026-07-25 17:35:40 INFO  [TestNG-test=Login Test-1] ConfigReader - Configuration loaded successfully
2026-07-25 17:35:40 INFO  [TestNG-test=Login Test-1] DriverFactory - Initializing browser : CHROME
2026-07-25 17:35:43 INFO  [TestNG-test=Login Test-1] DriverFactory - CHROME browser launched successfully
2026-07-25 17:35:43 INFO  [TestNG-test=Login Test-1] BaseTest - Opening application URL : https://www.saucedemo.com/
2026-07-25 17:35:46 INFO  [TestNG-test=Login Test-1] TestListener - Starting Test : LoginTest.verifyInvalidLogin
2026-07-25 17:35:46 INFO  [TestNG-test=Login Test-1] ExtentReportManager - Extent Test Created : LoginTest.verifyInvalidLogin
2026-07-25 17:35:46 INFO  [TestNG-test=Login Test-1] LoginTest - TEST STARTED : Verify Invalid Login
2026-07-25 17:35:46 INFO  [TestNG-test=Login Test-1] LoginPage - Entering username : invalid_user
2026-07-25 17:35:46 INFO  [TestNG-test=Login Test-1] BasePage - Entering text : invalid_user
2026-07-25 17:35:46 INFO  [TestNG-test=Login Test-1] LoginPage - Entering password
2026-07-25 17:35:46 INFO  [TestNG-test=Login Test-1] BasePage - Entering text : wrong_password
2026-07-25 17:35:46 INFO  [TestNG-test=Login Test-1] LoginPage - Clicking Login button
2026-07-25 17:35:46 INFO  [TestNG-test=Login Test-1] BasePage - Clicking element : [[ChromeDriver: chrome on windows (09adc97673aacfa11a86d80f35a7c2d2)] -> id: login-button]
2026-07-25 17:35:47 INFO  [TestNG-test=Login Test-1] BasePage - Text fetched : Epic sadface: Username and password do not match any user in this service
2026-07-25 17:35:47 INFO  [TestNG-test=Login Test-1] LoginTest - TEST PASSED : Verify Invalid Login
2026-07-25 17:35:47 INFO  [TestNG-test=Login Test-1] TestListener - Test Passed : verifyInvalidLogin
2026-07-25 17:35:47 INFO  [TestNG-test=Login Test-1] BaseTest - Cleaning test execution
2026-07-25 17:35:47 INFO  [TestNG-test=Login Test-1] DriverFactory - Closing browser
2026-07-25 17:35:47 INFO  [TestNG-test=Login Test-1] DriverFactory - Browser closed successfully
2026-07-25 17:35:47 INFO  [TestNG-test=Login Test-1] BaseTest - ========== Test Execution Completed ==========
2026-07-25 17:35:47 INFO  [TestNG-test=Login Test-1] BaseTest - ========== Starting Test : verifyLockedUserLogin ==========
2026-07-25 17:35:47 INFO  [TestNG-test=Login Test-1] DriverFactory - Initializing browser : CHROME
2026-07-25 17:35:48 INFO  [TestNG-test=Login Test-1] DriverFactory - CHROME browser launched successfully
2026-07-25 17:35:48 INFO  [TestNG-test=Login Test-1] BaseTest - Opening application URL : https://www.saucedemo.com/
2026-07-25 17:35:51 INFO  [TestNG-test=Login Test-1] TestListener - Starting Test : LoginTest.verifyLockedUserLogin
2026-07-25 17:35:51 INFO  [TestNG-test=Login Test-1] ExtentReportManager - Extent Test Created : LoginTest.verifyLockedUserLogin
2026-07-25 17:35:51 INFO  [TestNG-test=Login Test-1] LoginTest - TEST STARTED : Verify Locked User Login
2026-07-25 17:35:51 INFO  [TestNG-test=Login Test-1] LoginPage - Entering username : locked_out_user
2026-07-25 17:35:51 INFO  [TestNG-test=Login Test-1] BasePage - Entering text : locked_out_user
2026-07-25 17:35:52 INFO  [TestNG-test=Login Test-1] LoginPage - Entering password
2026-07-25 17:35:52 INFO  [TestNG-test=Login Test-1] BasePage - Entering text : secret_sauce
2026-07-25 17:35:52 INFO  [TestNG-test=Login Test-1] LoginPage - Clicking Login button
2026-07-25 17:35:52 INFO  [TestNG-test=Login Test-1] BasePage - Clicking element : [[ChromeDriver: chrome on windows (86c5de928aa0ca4901b01a010a510a6e)] -> id: login-button]
2026-07-25 17:35:53 INFO  [TestNG-test=Login Test-1] BasePage - Text fetched : Epic sadface: Sorry, this user has been locked out.
2026-07-25 17:35:53 INFO  [TestNG-test=Login Test-1] LoginTest - TEST PASSED : Verify Locked User Login
2026-07-25 17:35:53 INFO  [TestNG-test=Login Test-1] TestListener - Test Passed : verifyLockedUserLogin
2026-07-25 17:35:53 INFO  [TestNG-test=Login Test-1] BaseTest - Cleaning test execution
2026-07-25 17:35:53 INFO  [TestNG-test=Login Test-1] DriverFactory - Closing browser
2026-07-25 17:35:53 INFO  [TestNG-test=Login Test-1] DriverFactory - Browser closed successfully
2026-07-25 17:35:53 INFO  [TestNG-test=Login Test-1] BaseTest - ========== Test Execution Completed ==========
2026-07-25 17:35:53 INFO  [TestNG-test=Login Test-1] BaseTest - ========== Starting Test : verifyValidLogin ==========
2026-07-25 17:35:53 INFO  [TestNG-test=Login Test-1] DriverFactory - Initializing browser : CHROME
2026-07-25 17:35:54 INFO  [TestNG-test=Login Test-1] DriverFactory - CHROME browser launched successfully
2026-07-25 17:35:54 INFO  [TestNG-test=Login Test-1] BaseTest - Opening application URL : https://www.saucedemo.com/
2026-07-25 17:35:56 INFO  [TestNG-test=Login Test-1] TestListener - Starting Test : LoginTest.verifyValidLogin
2026-07-25 17:35:56 INFO  [TestNG-test=Login Test-1] ExtentReportManager - Extent Test Created : LoginTest.verifyValidLogin
2026-07-25 17:35:56 INFO  [TestNG-test=Login Test-1] LoginTest - TEST STARTED : Verify Valid Login
2026-07-25 17:35:56 INFO  [TestNG-test=Login Test-1] LoginPage - Entering username : standard_user
2026-07-25 17:35:56 INFO  [TestNG-test=Login Test-1] BasePage - Entering text : standard_user
2026-07-25 17:35:57 INFO  [TestNG-test=Login Test-1] LoginPage - Entering password
2026-07-25 17:35:57 INFO  [TestNG-test=Login Test-1] BasePage - Entering text : secret_sauce
2026-07-25 17:35:57 INFO  [TestNG-test=Login Test-1] LoginPage - Clicking Login button
2026-07-25 17:35:57 INFO  [TestNG-test=Login Test-1] BasePage - Clicking element : [[ChromeDriver: chrome on windows (e9b7887020423268c07150d3d83d226f)] -> id: login-button]
2026-07-25 17:35:58 INFO  [TestNG-test=Login Test-1] LoginPage - Login successful
2026-07-25 17:35:58 INFO  [TestNG-test=Login Test-1] HomePage - Checking products page visibility
2026-07-25 17:35:58 INFO  [TestNG-test=Login Test-1] HomePage - Getting page title
2026-07-25 17:35:58 INFO  [TestNG-test=Login Test-1] BasePage - Text fetched : Products
2026-07-25 17:35:58 INFO  [TestNG-test=Login Test-1] HomePage - Checking menu visibility
2026-07-25 17:35:58 INFO  [TestNG-test=Login Test-1] LoginTest - TEST PASSED : Verify Valid Login
2026-07-25 17:35:58 INFO  [TestNG-test=Login Test-1] TestListener - Test Passed : verifyValidLogin
2026-07-25 17:35:58 INFO  [TestNG-test=Login Test-1] BaseTest - Cleaning test execution
2026-07-25 17:35:58 INFO  [TestNG-test=Login Test-1] DriverFactory - Closing browser
2026-07-25 17:35:58 INFO  [TestNG-test=Login Test-1] DriverFactory - Browser closed successfully
2026-07-25 17:35:58 INFO  [TestNG-test=Login Test-1] BaseTest - ========== Test Execution Completed ==========
2026-07-25 17:35:58 INFO  [main] TestListener - ========== Test Execution Completed ==========
2026-07-25 17:35:59 INFO  [main] ExtentReportManager - Extent Report flushed
2026-07-25 17:36:51 INFO  [main] TestListener - ========== Test Execution Started ==========
2026-07-25 17:36:51 INFO  [main] ExtentReportManager - Extent Report Created : C:\Users\HP\Desktop\Project\selenium-testng-framework\reports\AutomationReport_20260725_173651.html
2026-07-25 17:36:51 INFO  [TestNG-test=End To End Test-1] BaseTest - ========== Starting Test : verifyEndToEndPurchaseFlow ==========
2026-07-25 17:36:51 INFO  [TestNG-test=End To End Test-1] ConfigReader - Loading config.properties file
2026-07-25 17:36:51 INFO  [TestNG-test=End To End Test-1] ConfigReader - Configuration loaded successfully
2026-07-25 17:36:51 INFO  [TestNG-test=End To End Test-1] DriverFactory - Initializing browser : CHROME
2026-07-25 17:36:53 INFO  [TestNG-test=End To End Test-1] DriverFactory - CHROME browser launched successfully
2026-07-25 17:36:53 INFO  [TestNG-test=End To End Test-1] BaseTest - Opening application URL : https://www.saucedemo.com/
2026-07-25 17:36:57 INFO  [TestNG-test=End To End Test-1] TestListener - Starting Test : EndToEndTest.verifyEndToEndPurchaseFlow
2026-07-25 17:36:57 INFO  [TestNG-test=End To End Test-1] ExtentReportManager - Extent Test Created : EndToEndTest.verifyEndToEndPurchaseFlow
2026-07-25 17:36:57 INFO  [TestNG-test=End To End Test-1] EndToEndTest - ===== SauceDemo E2E Purchase Started =====
2026-07-25 17:36:57 INFO  [TestNG-test=End To End Test-1] LoginPage - Entering username : standard_user
2026-07-25 17:36:57 INFO  [TestNG-test=End To End Test-1] BasePage - Entering text : standard_user
2026-07-25 17:36:57 INFO  [TestNG-test=End To End Test-1] LoginPage - Entering password
2026-07-25 17:36:57 INFO  [TestNG-test=End To End Test-1] BasePage - Entering text : secret_sauce
2026-07-25 17:36:58 INFO  [TestNG-test=End To End Test-1] LoginPage - Clicking Login button
2026-07-25 17:36:58 INFO  [TestNG-test=End To End Test-1] BasePage - Clicking element : [[ChromeDriver: chrome on windows (c981cfdcc2fa0a93873602b93999c325)] -> id: login-button]
2026-07-25 17:36:58 INFO  [TestNG-test=End To End Test-1] LoginPage - Login successful
2026-07-25 17:36:58 INFO  [TestNG-test=End To End Test-1] HomePage - Checking products page visibility
2026-07-25 17:36:58 INFO  [TestNG-test=End To End Test-1] EndToEndTest - Login completed successfully
2026-07-25 17:36:58 INFO  [TestNG-test=End To End Test-1] ProductPage - Getting Products page title
2026-07-25 17:36:58 INFO  [TestNG-test=End To End Test-1] BasePage - Text fetched : Products
2026-07-25 17:36:58 INFO  [TestNG-test=End To End Test-1] EndToEndTest - Products page verified
2026-07-25 17:36:58 INFO  [TestNG-test=End To End Test-1] ProductPage - Adding Sauce Labs Backpack to cart
2026-07-25 17:36:58 INFO  [TestNG-test=End To End Test-1] BasePage - Clicking element : [[ChromeDriver: chrome on windows (c981cfdcc2fa0a93873602b93999c325)] -> id: add-to-cart-sauce-labs-backpack]
2026-07-25 17:36:58 INFO  [TestNG-test=End To End Test-1] ProductPage - Getting cart count
2026-07-25 17:37:29 ERROR [TestNG-test=End To End Test-1] BasePage - Unable to get text from element
org.openqa.selenium.TimeoutException: Expected condition failed: waiting for visibility of Proxy element for: DefaultElementLocator 'By.className: shopping_cart_badge' (tried for 20 second(s) with 500 milliseconds interval)
	at org.openqa.selenium.support.ui.WebDriverWait.timeoutException(WebDriverWait.java:84) ~[selenium-support-4.20.0.jar:?]
	at org.openqa.selenium.support.ui.FluentWait.until(FluentWait.java:228) ~[selenium-support-4.20.0.jar:?]
	at com.amol.automation.base.BasePage.getText(BasePage.java:104) [classes/:?]
	at com.amol.automation.pages.ProductPage.getCartCount(ProductPage.java:62) [classes/:?]
	at com.amol.automation.tests.EndToEndTest.verifyEndToEndPurchaseFlow(EndToEndTest.java:90) [test-classes/:?]
	at java.base/jdk.internal.reflect.NativeMethodAccessorImpl.invoke0(Native Method) ~[?:?]
	at java.base/jdk.internal.reflect.NativeMethodAccessorImpl.invoke(NativeMethodAccessorImpl.java:77) ~[?:?]
	at java.base/jdk.internal.reflect.DelegatingMethodAccessorImpl.invoke(DelegatingMethodAccessorImpl.java:43) ~[?:?]
	at java.base/java.lang.reflect.Method.invoke(Method.java:568) ~[?:?]
	at org.testng.internal.invokers.MethodInvocationHelper.invokeMethod(MethodInvocationHelper.java:139) [org.testng_7.8.0.r202306071539.jar:7.8.0]
	at org.testng.internal.invokers.TestInvoker.invokeMethod(TestInvoker.java:664) [org.testng_7.8.0.r202306071539.jar:7.8.0]
	at org.testng.internal.invokers.TestInvoker.invokeTestMethod(TestInvoker.java:227) [org.testng_7.8.0.r202306071539.jar:7.8.0]
	at org.testng.internal.invokers.MethodRunner.runInSequence(MethodRunner.java:50) [org.testng_7.8.0.r202306071539.jar:7.8.0]
	at org.testng.internal.invokers.TestInvoker$MethodInvocationAgent.invoke(TestInvoker.java:957) [org.testng_7.8.0.r202306071539.jar:7.8.0]
	at org.testng.internal.invokers.TestInvoker.invokeTestMethods(TestInvoker.java:200) [org.testng_7.8.0.r202306071539.jar:7.8.0]
	at org.testng.internal.invokers.TestMethodWorker.invokeTestMethods(TestMethodWorker.java:148) [org.testng_7.8.0.r202306071539.jar:7.8.0]
	at org.testng.internal.invokers.TestMethodWorker.run(TestMethodWorker.java:128) [org.testng_7.8.0.r202306071539.jar:7.8.0]
	at java.base/java.util.concurrent.ThreadPoolExecutor.runWorker(ThreadPoolExecutor.java:1136) [?:?]
	at java.base/java.util.concurrent.ThreadPoolExecutor$Worker.run(ThreadPoolExecutor.java:635) [?:?]
	at java.base/java.lang.Thread.run(Thread.java:833) [?:?]
Caused by: org.openqa.selenium.NoSuchElementException: no such element: Unable to locate element: {"method":"css selector","selector":".shopping_cart_badge"}
  (Session info: chrome=150.0.7871.182)
For documentation on this error, please visit: https://www.selenium.dev/documentation/webdriver/troubleshooting/errors#no-such-element-exception
Build info: version: '4.20.0', revision: '866c76ca80'
System info: os.name: 'Windows 10', os.arch: 'amd64', os.version: '10.0', java.version: '17.0.1'
Driver info: org.openqa.selenium.chrome.ChromeDriver
Command: [c981cfdcc2fa0a93873602b93999c325, findElement {value=shopping_cart_badge, using=class name}]
Capabilities {acceptInsecureCerts: false, browserName: chrome, browserVersion: 150.0.7871.182, chrome: {chromedriverVersion: 150.0.7871.124 (9261fd0a595..., userDataDir: C:\WINDOWS\SystemTemp\scope...}, fedcm:accounts: true, goog:chromeOptions: {debuggerAddress: localhost:55878}, goog:processID: 6720, networkConnectionEnabled: false, pageLoadStrategy: normal, platformName: windows, proxy: Proxy(), se:cdp: ws://localhost:55878/devtoo..., se:cdpVersion: 150.0.7871.182, setWindowRect: true, strictFileInteractability: false, timeouts: {implicit: 0, pageLoad: 300000, script: 30000}, unhandledPromptBehavior: dismiss and notify, webauthn:extension:credBlob: true, webauthn:extension:largeBlob: true, webauthn:extension:minPinLength: true, webauthn:extension:prf: true, webauthn:virtualAuthenticators: true}
Session ID: c981cfdcc2fa0a93873602b93999c325
	at java.base/jdk.internal.reflect.NativeConstructorAccessorImpl.newInstance0(Native Method) ~[?:?]
	at java.base/jdk.internal.reflect.NativeConstructorAccessorImpl.newInstance(NativeConstructorAccessorImpl.java:77) ~[?:?]
	at java.base/jdk.internal.reflect.DelegatingConstructorAccessorImpl.newInstance(DelegatingConstructorAccessorImpl.java:45) ~[?:?]
	at java.base/java.lang.reflect.Constructor.newInstanceWithCaller(Constructor.java:499) ~[?:?]
	at java.base/java.lang.reflect.Constructor.newInstance(Constructor.java:480) ~[?:?]
	at org.openqa.selenium.remote.ErrorCodec.decode(ErrorCodec.java:167) ~[selenium-remote-driver-4.20.0.jar:?]
	at org.openqa.selenium.remote.codec.w3c.W3CHttpResponseCodec.decode(W3CHttpResponseCodec.java:138) ~[selenium-remote-driver-4.20.0.jar:?]
	at org.openqa.selenium.remote.codec.w3c.W3CHttpResponseCodec.decode(W3CHttpResponseCodec.java:50) ~[selenium-remote-driver-4.20.0.jar:?]
	at org.openqa.selenium.remote.HttpCommandExecutor.execute(HttpCommandExecutor.java:190) ~[selenium-remote-driver-4.20.0.jar:?]
	at org.openqa.selenium.remote.service.DriverCommandExecutor.invokeExecute(DriverCommandExecutor.java:216) ~[selenium-remote-driver-4.20.0.jar:?]
	at org.openqa.selenium.remote.service.DriverCommandExecutor.execute(DriverCommandExecutor.java:174) ~[selenium-remote-driver-4.20.0.jar:?]
	at org.openqa.selenium.remote.RemoteWebDriver.execute(RemoteWebDriver.java:518) ~[selenium-remote-driver-4.20.0.jar:?]
	at org.openqa.selenium.remote.ElementLocation$ElementFinder$2.findElement(ElementLocation.java:165) ~[selenium-remote-driver-4.20.0.jar:?]
	at org.openqa.selenium.remote.ElementLocation.findElement(ElementLocation.java:59) ~[selenium-remote-driver-4.20.0.jar:?]
	at org.openqa.selenium.remote.RemoteWebDriver.findElement(RemoteWebDriver.java:355) ~[selenium-remote-driver-4.20.0.jar:?]
	at org.openqa.selenium.remote.RemoteWebDriver.findElement(RemoteWebDriver.java:349) ~[selenium-remote-driver-4.20.0.jar:?]
	at org.openqa.selenium.support.pagefactory.DefaultElementLocator.findElement(DefaultElementLocator.java:68) ~[selenium-support-4.20.0.jar:?]
	at org.openqa.selenium.support.pagefactory.internal.LocatingElementHandler.invoke(LocatingElementHandler.java:38) ~[selenium-support-4.20.0.jar:?]
	at jdk.proxy2/jdk.proxy2.$Proxy28.isDisplayed(Unknown Source) ~[?:?]
	at org.openqa.selenium.support.ui.ExpectedConditions.elementIfVisible(ExpectedConditions.java:304) ~[selenium-support-4.20.0.jar:?]
	at org.openqa.selenium.support.ui.ExpectedConditions$10.apply(ExpectedConditions.java:290) ~[selenium-support-4.20.0.jar:?]
	at org.openqa.selenium.support.ui.ExpectedConditions$10.apply(ExpectedConditions.java:287) ~[selenium-support-4.20.0.jar:?]
	at org.openqa.selenium.support.ui.FluentWait.until(FluentWait.java:203) ~[selenium-support-4.20.0.jar:?]
	... 18 more
2026-07-25 17:37:29 ERROR [TestNG-test=End To End Test-1] TestListener - Test Failed : EndToEndTest_verifyEndToEndPurchaseFlow
2026-07-25 17:37:29 INFO  [TestNG-test=End To End Test-1] ScreenshotUtils - Screenshot captured successfully : C:\Users\HP\Desktop\Project\selenium-testng-framework\screenshots\EndToEndTest_verifyEndToEndPurchaseFlow_20260725_173729.png
2026-07-25 17:37:29 INFO  [TestNG-test=End To End Test-1] BaseTest - Cleaning test execution
2026-07-25 17:37:29 INFO  [TestNG-test=End To End Test-1] DriverFactory - Closing browser
2026-07-25 17:37:30 INFO  [TestNG-test=End To End Test-1] DriverFactory - Browser closed successfully
2026-07-25 17:37:30 INFO  [TestNG-test=End To End Test-1] BaseTest - ========== Test Execution Completed ==========
2026-07-25 17:37:30 INFO  [main] TestListener - ========== Test Execution Completed ==========
2026-07-25 17:37:30 INFO  [main] ExtentReportManager - Extent Report flushed
2026-07-25 17:38:20 INFO  [main] TestListener - ========== Test Execution Started ==========
2026-07-25 17:38:20 INFO  [main] ExtentReportManager - Extent Report Created : C:\Users\HP\Desktop\Project\selenium-testng-framework\reports\AutomationReport_20260725_173820.html
2026-07-25 17:38:20 INFO  [TestNG-test=Regression Parallel Run-1] BaseTest - ========== Starting Test : verifyInvalidLogin ==========
2026-07-25 17:38:20 INFO  [TestNG-test=Regression Parallel Run-2] BaseTest - ========== Starting Test : verifyEndToEndPurchaseFlow ==========
2026-07-25 17:38:20 INFO  [TestNG-test=Regression Parallel Run-1] ConfigReader - Loading config.properties file
2026-07-25 17:38:20 INFO  [TestNG-test=Regression Parallel Run-1] ConfigReader - Configuration loaded successfully
2026-07-25 17:38:20 INFO  [TestNG-test=Regression Parallel Run-1] DriverFactory - Initializing browser : CHROME
2026-07-25 17:38:20 INFO  [TestNG-test=Regression Parallel Run-2] DriverFactory - Initializing browser : CHROME
2026-07-25 17:38:24 INFO  [TestNG-test=Regression Parallel Run-1] DriverFactory - CHROME browser launched successfully
2026-07-25 17:38:24 INFO  [TestNG-test=Regression Parallel Run-1] BaseTest - Opening application URL : https://www.saucedemo.com/
2026-07-25 17:38:24 INFO  [TestNG-test=Regression Parallel Run-2] DriverFactory - CHROME browser launched successfully
2026-07-25 17:38:24 INFO  [TestNG-test=Regression Parallel Run-2] BaseTest - Opening application URL : https://www.saucedemo.com/
2026-07-25 17:38:28 INFO  [TestNG-test=Regression Parallel Run-1] TestListener - Starting Test : LoginTest.verifyInvalidLogin
2026-07-25 17:38:28 INFO  [TestNG-test=Regression Parallel Run-1] ExtentReportManager - Extent Test Created : LoginTest.verifyInvalidLogin
2026-07-25 17:38:28 INFO  [TestNG-test=Regression Parallel Run-1] LoginTest - TEST STARTED : Verify Invalid Login
2026-07-25 17:38:28 INFO  [TestNG-test=Regression Parallel Run-1] LoginPage - Entering username : invalid_user
2026-07-25 17:38:28 INFO  [TestNG-test=Regression Parallel Run-1] BasePage - Entering text : invalid_user
2026-07-25 17:38:28 INFO  [TestNG-test=Regression Parallel Run-2] TestListener - Starting Test : EndToEndTest.verifyEndToEndPurchaseFlow
2026-07-25 17:38:28 INFO  [TestNG-test=Regression Parallel Run-2] ExtentReportManager - Extent Test Created : EndToEndTest.verifyEndToEndPurchaseFlow
2026-07-25 17:38:28 INFO  [TestNG-test=Regression Parallel Run-2] EndToEndTest - ===== SauceDemo E2E Purchase Started =====
2026-07-25 17:38:28 INFO  [TestNG-test=Regression Parallel Run-2] LoginPage - Entering username : standard_user
2026-07-25 17:38:28 INFO  [TestNG-test=Regression Parallel Run-2] BasePage - Entering text : standard_user
2026-07-25 17:38:28 INFO  [TestNG-test=Regression Parallel Run-1] LoginPage - Entering password
2026-07-25 17:38:28 INFO  [TestNG-test=Regression Parallel Run-1] BasePage - Entering text : wrong_password
2026-07-25 17:38:29 INFO  [TestNG-test=Regression Parallel Run-1] LoginPage - Clicking Login button
2026-07-25 17:38:29 INFO  [TestNG-test=Regression Parallel Run-1] BasePage - Clicking element : [[ChromeDriver: chrome on windows (c74448735a465ec25589ce89051ba2b4)] -> id: login-button]
2026-07-25 17:38:29 INFO  [TestNG-test=Regression Parallel Run-2] LoginPage - Entering password
2026-07-25 17:38:29 INFO  [TestNG-test=Regression Parallel Run-2] BasePage - Entering text : secret_sauce
2026-07-25 17:38:29 INFO  [TestNG-test=Regression Parallel Run-2] LoginPage - Clicking Login button
2026-07-25 17:38:29 INFO  [TestNG-test=Regression Parallel Run-2] BasePage - Clicking element : [[ChromeDriver: chrome on windows (a49ac80c4892940d8a739d389ba6a906)] -> id: login-button]
2026-07-25 17:38:29 INFO  [TestNG-test=Regression Parallel Run-1] BasePage - Text fetched : Epic sadface: Username and password do not match any user in this service
2026-07-25 17:38:29 INFO  [TestNG-test=Regression Parallel Run-1] LoginTest - TEST PASSED : Verify Invalid Login
2026-07-25 17:38:29 INFO  [TestNG-test=Regression Parallel Run-1] TestListener - Test Passed : verifyInvalidLogin
2026-07-25 17:38:29 INFO  [TestNG-test=Regression Parallel Run-1] BaseTest - Cleaning test execution
2026-07-25 17:38:29 INFO  [TestNG-test=Regression Parallel Run-1] DriverFactory - Closing browser
2026-07-25 17:38:29 INFO  [TestNG-test=Regression Parallel Run-1] DriverFactory - Browser closed successfully
2026-07-25 17:38:29 INFO  [TestNG-test=Regression Parallel Run-1] BaseTest - ========== Test Execution Completed ==========
2026-07-25 17:38:29 INFO  [TestNG-test=Regression Parallel Run-1] BaseTest - ========== Starting Test : verifyLockedUserLogin ==========
2026-07-25 17:38:29 INFO  [TestNG-test=Regression Parallel Run-1] DriverFactory - Initializing browser : CHROME
2026-07-25 17:38:30 INFO  [TestNG-test=Regression Parallel Run-2] LoginPage - Login successful
2026-07-25 17:38:30 INFO  [TestNG-test=Regression Parallel Run-2] HomePage - Checking products page visibility
2026-07-25 17:38:30 INFO  [TestNG-test=Regression Parallel Run-2] EndToEndTest - Login completed successfully
2026-07-25 17:38:30 INFO  [TestNG-test=Regression Parallel Run-2] ProductPage - Getting Products page title
2026-07-25 17:38:30 INFO  [TestNG-test=Regression Parallel Run-2] BasePage - Text fetched : Products
2026-07-25 17:38:30 INFO  [TestNG-test=Regression Parallel Run-2] EndToEndTest - Products page verified
2026-07-25 17:38:30 INFO  [TestNG-test=Regression Parallel Run-2] ProductPage - Adding Sauce Labs Backpack to cart
2026-07-25 17:38:30 INFO  [TestNG-test=Regression Parallel Run-2] BasePage - Clicking element : [[ChromeDriver: chrome on windows (a49ac80c4892940d8a739d389ba6a906)] -> id: add-to-cart-sauce-labs-backpack]
2026-07-25 17:38:30 INFO  [TestNG-test=Regression Parallel Run-2] ProductPage - Getting cart count
2026-07-25 17:38:31 INFO  [TestNG-test=Regression Parallel Run-1] DriverFactory - CHROME browser launched successfully
2026-07-25 17:38:31 INFO  [TestNG-test=Regression Parallel Run-1] BaseTest - Opening application URL : https://www.saucedemo.com/
2026-07-25 17:38:34 INFO  [TestNG-test=Regression Parallel Run-1] TestListener - Starting Test : LoginTest.verifyLockedUserLogin
2026-07-25 17:38:34 INFO  [TestNG-test=Regression Parallel Run-1] ExtentReportManager - Extent Test Created : LoginTest.verifyLockedUserLogin
2026-07-25 17:38:34 INFO  [TestNG-test=Regression Parallel Run-1] LoginTest - TEST STARTED : Verify Locked User Login
2026-07-25 17:38:34 INFO  [TestNG-test=Regression Parallel Run-1] LoginPage - Entering username : locked_out_user
2026-07-25 17:38:34 INFO  [TestNG-test=Regression Parallel Run-1] BasePage - Entering text : locked_out_user
2026-07-25 17:38:34 INFO  [TestNG-test=Regression Parallel Run-1] LoginPage - Entering password
2026-07-25 17:38:34 INFO  [TestNG-test=Regression Parallel Run-1] BasePage - Entering text : secret_sauce
2026-07-25 17:38:34 INFO  [TestNG-test=Regression Parallel Run-1] LoginPage - Clicking Login button
2026-07-25 17:38:34 INFO  [TestNG-test=Regression Parallel Run-1] BasePage - Clicking element : [[ChromeDriver: chrome on windows (84ddf6b720258f7d580e95f0e76b42dd)] -> id: login-button]
2026-07-25 17:38:35 INFO  [TestNG-test=Regression Parallel Run-1] BasePage - Text fetched : Epic sadface: Sorry, this user has been locked out.
2026-07-25 17:38:35 INFO  [TestNG-test=Regression Parallel Run-1] LoginTest - TEST PASSED : Verify Locked User Login
2026-07-25 17:38:35 INFO  [TestNG-test=Regression Parallel Run-1] TestListener - Test Passed : verifyLockedUserLogin
2026-07-25 17:38:35 INFO  [TestNG-test=Regression Parallel Run-1] BaseTest - Cleaning test execution
2026-07-25 17:38:35 INFO  [TestNG-test=Regression Parallel Run-1] DriverFactory - Closing browser
2026-07-25 17:38:35 INFO  [TestNG-test=Regression Parallel Run-1] DriverFactory - Browser closed successfully
2026-07-25 17:38:35 INFO  [TestNG-test=Regression Parallel Run-1] BaseTest - ========== Test Execution Completed ==========
2026-07-25 17:38:35 INFO  [TestNG-test=Regression Parallel Run-1] BaseTest - ========== Starting Test : verifyValidLogin ==========
2026-07-25 17:38:35 INFO  [TestNG-test=Regression Parallel Run-1] DriverFactory - Initializing browser : CHROME
2026-07-25 17:38:36 INFO  [TestNG-test=Regression Parallel Run-1] DriverFactory - CHROME browser launched successfully
2026-07-25 17:38:36 INFO  [TestNG-test=Regression Parallel Run-1] BaseTest - Opening application URL : https://www.saucedemo.com/
2026-07-25 17:38:39 INFO  [TestNG-test=Regression Parallel Run-1] TestListener - Starting Test : LoginTest.verifyValidLogin
2026-07-25 17:38:39 INFO  [TestNG-test=Regression Parallel Run-1] ExtentReportManager - Extent Test Created : LoginTest.verifyValidLogin
2026-07-25 17:38:39 INFO  [TestNG-test=Regression Parallel Run-1] LoginTest - TEST STARTED : Verify Valid Login
2026-07-25 17:38:40 INFO  [TestNG-test=Regression Parallel Run-1] LoginPage - Entering username : standard_user
2026-07-25 17:38:40 INFO  [TestNG-test=Regression Parallel Run-1] BasePage - Entering text : standard_user
2026-07-25 17:38:40 INFO  [TestNG-test=Regression Parallel Run-1] LoginPage - Entering password
2026-07-25 17:38:40 INFO  [TestNG-test=Regression Parallel Run-1] BasePage - Entering text : secret_sauce
2026-07-25 17:38:40 INFO  [TestNG-test=Regression Parallel Run-1] LoginPage - Clicking Login button
2026-07-25 17:38:40 INFO  [TestNG-test=Regression Parallel Run-1] BasePage - Clicking element : [[ChromeDriver: chrome on windows (37a80b3b8ec23e67d5a88e463a260974)] -> id: login-button]
2026-07-25 17:38:40 INFO  [TestNG-test=Regression Parallel Run-1] LoginPage - Login successful
2026-07-25 17:38:40 INFO  [TestNG-test=Regression Parallel Run-1] HomePage - Checking products page visibility
2026-07-25 17:38:41 INFO  [TestNG-test=Regression Parallel Run-1] HomePage - Getting page title
2026-07-25 17:38:41 INFO  [TestNG-test=Regression Parallel Run-1] BasePage - Text fetched : Products
2026-07-25 17:38:41 INFO  [TestNG-test=Regression Parallel Run-1] HomePage - Checking menu visibility
2026-07-25 17:38:41 INFO  [TestNG-test=Regression Parallel Run-1] LoginTest - TEST PASSED : Verify Valid Login
2026-07-25 17:38:41 INFO  [TestNG-test=Regression Parallel Run-1] TestListener - Test Passed : verifyValidLogin
2026-07-25 17:38:41 INFO  [TestNG-test=Regression Parallel Run-1] BaseTest - Cleaning test execution
2026-07-25 17:38:41 INFO  [TestNG-test=Regression Parallel Run-1] DriverFactory - Closing browser
2026-07-25 17:38:41 INFO  [TestNG-test=Regression Parallel Run-1] DriverFactory - Browser closed successfully
2026-07-25 17:38:41 INFO  [TestNG-test=Regression Parallel Run-1] BaseTest - ========== Test Execution Completed ==========
2026-07-25 17:39:01 ERROR [TestNG-test=Regression Parallel Run-2] BasePage - Unable to get text from element
org.openqa.selenium.TimeoutException: Expected condition failed: waiting for visibility of Proxy element for: DefaultElementLocator 'By.className: shopping_cart_badge' (tried for 20 second(s) with 500 milliseconds interval)
	at org.openqa.selenium.support.ui.WebDriverWait.timeoutException(WebDriverWait.java:84) ~[selenium-support-4.20.0.jar:?]
	at org.openqa.selenium.support.ui.FluentWait.until(FluentWait.java:228) ~[selenium-support-4.20.0.jar:?]
	at com.amol.automation.base.BasePage.getText(BasePage.java:104) [classes/:?]
	at com.amol.automation.pages.ProductPage.getCartCount(ProductPage.java:62) [classes/:?]
	at com.amol.automation.tests.EndToEndTest.verifyEndToEndPurchaseFlow(EndToEndTest.java:90) [test-classes/:?]
	at java.base/jdk.internal.reflect.NativeMethodAccessorImpl.invoke0(Native Method) ~[?:?]
	at java.base/jdk.internal.reflect.NativeMethodAccessorImpl.invoke(NativeMethodAccessorImpl.java:77) ~[?:?]
	at java.base/jdk.internal.reflect.DelegatingMethodAccessorImpl.invoke(DelegatingMethodAccessorImpl.java:43) ~[?:?]
	at java.base/java.lang.reflect.Method.invoke(Method.java:568) ~[?:?]
	at org.testng.internal.invokers.MethodInvocationHelper.invokeMethod(MethodInvocationHelper.java:139) [org.testng_7.8.0.r202306071539.jar:7.8.0]
	at org.testng.internal.invokers.TestInvoker.invokeMethod(TestInvoker.java:664) [org.testng_7.8.0.r202306071539.jar:7.8.0]
	at org.testng.internal.invokers.TestInvoker.invokeTestMethod(TestInvoker.java:227) [org.testng_7.8.0.r202306071539.jar:7.8.0]
	at org.testng.internal.invokers.MethodRunner.runInSequence(MethodRunner.java:50) [org.testng_7.8.0.r202306071539.jar:7.8.0]
	at org.testng.internal.invokers.TestInvoker$MethodInvocationAgent.invoke(TestInvoker.java:957) [org.testng_7.8.0.r202306071539.jar:7.8.0]
	at org.testng.internal.invokers.TestInvoker.invokeTestMethods(TestInvoker.java:200) [org.testng_7.8.0.r202306071539.jar:7.8.0]
	at org.testng.internal.invokers.TestMethodWorker.invokeTestMethods(TestMethodWorker.java:148) [org.testng_7.8.0.r202306071539.jar:7.8.0]
	at org.testng.internal.invokers.TestMethodWorker.run(TestMethodWorker.java:128) [org.testng_7.8.0.r202306071539.jar:7.8.0]
	at java.base/java.util.concurrent.ThreadPoolExecutor.runWorker(ThreadPoolExecutor.java:1136) [?:?]
	at java.base/java.util.concurrent.ThreadPoolExecutor$Worker.run(ThreadPoolExecutor.java:635) [?:?]
	at java.base/java.lang.Thread.run(Thread.java:833) [?:?]
Caused by: org.openqa.selenium.NoSuchElementException: no such element: Unable to locate element: {"method":"css selector","selector":".shopping_cart_badge"}
  (Session info: chrome=150.0.7871.182)
For documentation on this error, please visit: https://www.selenium.dev/documentation/webdriver/troubleshooting/errors#no-such-element-exception
Build info: version: '4.20.0', revision: '866c76ca80'
System info: os.name: 'Windows 10', os.arch: 'amd64', os.version: '10.0', java.version: '17.0.1'
Driver info: org.openqa.selenium.chrome.ChromeDriver
Command: [a49ac80c4892940d8a739d389ba6a906, findElement {using=class name, value=shopping_cart_badge}]
Capabilities {acceptInsecureCerts: false, browserName: chrome, browserVersion: 150.0.7871.182, chrome: {chromedriverVersion: 150.0.7871.124 (9261fd0a595..., userDataDir: C:\WINDOWS\SystemTemp\scope...}, fedcm:accounts: true, goog:chromeOptions: {debuggerAddress: localhost:55930}, goog:processID: 1152, networkConnectionEnabled: false, pageLoadStrategy: normal, platformName: windows, proxy: Proxy(), se:cdp: ws://localhost:55930/devtoo..., se:cdpVersion: 150.0.7871.182, setWindowRect: true, strictFileInteractability: false, timeouts: {implicit: 0, pageLoad: 300000, script: 30000}, unhandledPromptBehavior: dismiss and notify, webauthn:extension:credBlob: true, webauthn:extension:largeBlob: true, webauthn:extension:minPinLength: true, webauthn:extension:prf: true, webauthn:virtualAuthenticators: true}
Session ID: a49ac80c4892940d8a739d389ba6a906
	at java.base/jdk.internal.reflect.NativeConstructorAccessorImpl.newInstance0(Native Method) ~[?:?]
	at java.base/jdk.internal.reflect.NativeConstructorAccessorImpl.newInstance(NativeConstructorAccessorImpl.java:77) ~[?:?]
	at java.base/jdk.internal.reflect.DelegatingConstructorAccessorImpl.newInstance(DelegatingConstructorAccessorImpl.java:45) ~[?:?]
	at java.base/java.lang.reflect.Constructor.newInstanceWithCaller(Constructor.java:499) ~[?:?]
	at java.base/java.lang.reflect.Constructor.newInstance(Constructor.java:480) ~[?:?]
	at org.openqa.selenium.remote.ErrorCodec.decode(ErrorCodec.java:167) ~[selenium-remote-driver-4.20.0.jar:?]
	at org.openqa.selenium.remote.codec.w3c.W3CHttpResponseCodec.decode(W3CHttpResponseCodec.java:138) ~[selenium-remote-driver-4.20.0.jar:?]
	at org.openqa.selenium.remote.codec.w3c.W3CHttpResponseCodec.decode(W3CHttpResponseCodec.java:50) ~[selenium-remote-driver-4.20.0.jar:?]
	at org.openqa.selenium.remote.HttpCommandExecutor.execute(HttpCommandExecutor.java:190) ~[selenium-remote-driver-4.20.0.jar:?]
	at org.openqa.selenium.remote.service.DriverCommandExecutor.invokeExecute(DriverCommandExecutor.java:216) ~[selenium-remote-driver-4.20.0.jar:?]
	at org.openqa.selenium.remote.service.DriverCommandExecutor.execute(DriverCommandExecutor.java:174) ~[selenium-remote-driver-4.20.0.jar:?]
	at org.openqa.selenium.remote.RemoteWebDriver.execute(RemoteWebDriver.java:518) ~[selenium-remote-driver-4.20.0.jar:?]
	at org.openqa.selenium.remote.ElementLocation$ElementFinder$2.findElement(ElementLocation.java:165) ~[selenium-remote-driver-4.20.0.jar:?]
	at org.openqa.selenium.remote.ElementLocation.findElement(ElementLocation.java:59) ~[selenium-remote-driver-4.20.0.jar:?]
	at org.openqa.selenium.remote.RemoteWebDriver.findElement(RemoteWebDriver.java:355) ~[selenium-remote-driver-4.20.0.jar:?]
	at org.openqa.selenium.remote.RemoteWebDriver.findElement(RemoteWebDriver.java:349) ~[selenium-remote-driver-4.20.0.jar:?]
	at org.openqa.selenium.support.pagefactory.DefaultElementLocator.findElement(DefaultElementLocator.java:68) ~[selenium-support-4.20.0.jar:?]
	at org.openqa.selenium.support.pagefactory.internal.LocatingElementHandler.invoke(LocatingElementHandler.java:38) ~[selenium-support-4.20.0.jar:?]
	at jdk.proxy2/jdk.proxy2.$Proxy28.isDisplayed(Unknown Source) ~[?:?]
	at org.openqa.selenium.support.ui.ExpectedConditions.elementIfVisible(ExpectedConditions.java:304) ~[selenium-support-4.20.0.jar:?]
	at org.openqa.selenium.support.ui.ExpectedConditions$10.apply(ExpectedConditions.java:290) ~[selenium-support-4.20.0.jar:?]
	at org.openqa.selenium.support.ui.ExpectedConditions$10.apply(ExpectedConditions.java:287) ~[selenium-support-4.20.0.jar:?]
	at org.openqa.selenium.support.ui.FluentWait.until(FluentWait.java:203) ~[selenium-support-4.20.0.jar:?]
	... 18 more
2026-07-25 17:39:01 ERROR [TestNG-test=Regression Parallel Run-2] TestListener - Test Failed : EndToEndTest_verifyEndToEndPurchaseFlow
2026-07-25 17:39:01 INFO  [TestNG-test=Regression Parallel Run-2] ScreenshotUtils - Screenshot captured successfully : C:\Users\HP\Desktop\Project\selenium-testng-framework\screenshots\EndToEndTest_verifyEndToEndPurchaseFlow_20260725_173901.png
2026-07-25 17:39:01 INFO  [TestNG-test=Regression Parallel Run-2] BaseTest - Cleaning test execution
2026-07-25 17:39:01 INFO  [TestNG-test=Regression Parallel Run-2] DriverFactory - Closing browser
2026-07-25 17:39:01 INFO  [TestNG-test=Regression Parallel Run-2] DriverFactory - Browser closed successfully
2026-07-25 17:39:01 INFO  [TestNG-test=Regression Parallel Run-2] BaseTest - ========== Test Execution Completed ==========
2026-07-25 17:39:01 INFO  [main] TestListener - ========== Test Execution Completed ==========
2026-07-25 17:39:02 INFO  [main] ExtentReportManager - Extent Report flushed
2026-07-25 17:40:52 INFO  [main] BaseTest - ========== Starting Test : verifyProductAddToCart ==========
2026-07-25 17:40:52 INFO  [main] ConfigReader - Loading config.properties file
2026-07-25 17:40:52 INFO  [main] ConfigReader - Configuration loaded successfully
2026-07-25 17:40:52 INFO  [main] DriverFactory - Initializing browser : CHROME
2026-07-25 17:40:55 INFO  [main] DriverFactory - CHROME browser launched successfully
2026-07-25 17:40:55 INFO  [main] BaseTest - Opening application URL : https://www.saucedemo.com/
2026-07-25 17:40:57 INFO  [main] ProductTest - ===== Product Test Started =====
2026-07-25 17:40:57 INFO  [main] ProductTest - Login with valid user : standard_user
2026-07-25 17:40:57 INFO  [main] LoginPage - Entering username : standard_user
2026-07-25 17:40:57 INFO  [main] BasePage - Entering text : standard_user
2026-07-25 17:40:58 INFO  [main] LoginPage - Entering password
2026-07-25 17:40:58 INFO  [main] BasePage - Entering text : secret_sauce
2026-07-25 17:40:58 INFO  [main] LoginPage - Clicking Login button
2026-07-25 17:40:58 INFO  [main] BasePage - Clicking element : [[ChromeDriver: chrome on windows (c3ba0d292ee753233e1c18ea38374069)] -> id: login-button]
2026-07-25 17:40:59 INFO  [main] LoginPage - Login successful
2026-07-25 17:40:59 INFO  [main] HomePage - Checking products page visibility
2026-07-25 17:40:59 INFO  [main] ProductTest - Login completed successfully
2026-07-25 17:40:59 INFO  [main] ProductPage - Getting Products page title
2026-07-25 17:40:59 INFO  [main] BasePage - Text fetched : Products
2026-07-25 17:40:59 INFO  [main] ProductTest - Products page verified
2026-07-25 17:40:59 INFO  [main] ProductPage - Adding Sauce Labs Backpack to cart
2026-07-25 17:40:59 INFO  [main] BasePage - Clicking element : [[ChromeDriver: chrome on windows (c3ba0d292ee753233e1c18ea38374069)] -> id: add-to-cart-sauce-labs-backpack]
2026-07-25 17:40:59 INFO  [main] ProductPage - Getting cart count
2026-07-25 17:40:59 INFO  [main] BasePage - Text fetched : 1
2026-07-25 17:40:59 INFO  [main] ProductTest - Product added to cart successfully
2026-07-25 17:40:59 INFO  [main] ProductTest - ===== Product Test Completed =====
2026-07-25 17:40:59 INFO  [main] BaseTest - Cleaning test execution
2026-07-25 17:40:59 INFO  [main] DriverFactory - Closing browser
2026-07-25 17:40:59 INFO  [main] DriverFactory - Browser closed successfully
2026-07-25 17:40:59 INFO  [main] BaseTest - ========== Test Execution Completed ==========
2026-07-25 17:42:11 INFO  [main] TestListener - ========== Test Execution Started ==========
2026-07-25 17:42:11 INFO  [main] ExtentReportManager - Extent Report Created : C:\Users\HP\Desktop\Project\selenium-testng-framework\reports\AutomationReport_20260725_174211.html
2026-07-25 17:42:11 INFO  [TestNG-test=Regression Parallel Run-3] BaseTest - ========== Starting Test : verifyProductAddToCart ==========
2026-07-25 17:42:11 INFO  [TestNG-test=Regression Parallel Run-2] BaseTest - ========== Starting Test : verifyEndToEndPurchaseFlow ==========
2026-07-25 17:42:11 INFO  [TestNG-test=Regression Parallel Run-1] BaseTest - ========== Starting Test : verifyInvalidLogin ==========
2026-07-25 17:42:11 INFO  [TestNG-test=Regression Parallel Run-3] ConfigReader - Loading config.properties file
2026-07-25 17:42:11 INFO  [TestNG-test=Regression Parallel Run-3] ConfigReader - Configuration loaded successfully
2026-07-25 17:42:11 INFO  [TestNG-test=Regression Parallel Run-3] DriverFactory - Initializing browser : CHROME
2026-07-25 17:42:11 INFO  [TestNG-test=Regression Parallel Run-2] DriverFactory - Initializing browser : CHROME
2026-07-25 17:42:11 INFO  [TestNG-test=Regression Parallel Run-1] DriverFactory - Initializing browser : CHROME
2026-07-25 17:42:16 INFO  [TestNG-test=Regression Parallel Run-1] DriverFactory - CHROME browser launched successfully
2026-07-25 17:42:16 INFO  [TestNG-test=Regression Parallel Run-1] BaseTest - Opening application URL : https://www.saucedemo.com/
2026-07-25 17:42:16 INFO  [TestNG-test=Regression Parallel Run-3] DriverFactory - CHROME browser launched successfully
2026-07-25 17:42:16 INFO  [TestNG-test=Regression Parallel Run-3] BaseTest - Opening application URL : https://www.saucedemo.com/
2026-07-25 17:42:16 INFO  [TestNG-test=Regression Parallel Run-2] DriverFactory - CHROME browser launched successfully
2026-07-25 17:42:16 INFO  [TestNG-test=Regression Parallel Run-2] BaseTest - Opening application URL : https://www.saucedemo.com/
2026-07-25 17:42:20 INFO  [TestNG-test=Regression Parallel Run-3] TestListener - Starting Test : ProductTest.verifyProductAddToCart
2026-07-25 17:42:20 INFO  [TestNG-test=Regression Parallel Run-3] ExtentReportManager - Extent Test Created : ProductTest.verifyProductAddToCart
2026-07-25 17:42:20 INFO  [TestNG-test=Regression Parallel Run-3] ProductTest - ===== Product Test Started =====
2026-07-25 17:42:20 INFO  [TestNG-test=Regression Parallel Run-3] ProductTest - Login with valid user : standard_user
2026-07-25 17:42:20 INFO  [TestNG-test=Regression Parallel Run-2] TestListener - Starting Test : EndToEndTest.verifyEndToEndPurchaseFlow
2026-07-25 17:42:20 INFO  [TestNG-test=Regression Parallel Run-2] ExtentReportManager - Extent Test Created : EndToEndTest.verifyEndToEndPurchaseFlow
2026-07-25 17:42:20 INFO  [TestNG-test=Regression Parallel Run-2] EndToEndTest - ===== SauceDemo E2E Purchase Started =====
2026-07-25 17:42:20 INFO  [TestNG-test=Regression Parallel Run-3] LoginPage - Entering username : standard_user
2026-07-25 17:42:20 INFO  [TestNG-test=Regression Parallel Run-2] LoginPage - Entering username : standard_user
2026-07-25 17:42:20 INFO  [TestNG-test=Regression Parallel Run-3] BasePage - Entering text : standard_user
2026-07-25 17:42:20 INFO  [TestNG-test=Regression Parallel Run-2] BasePage - Entering text : standard_user
2026-07-25 17:42:20 INFO  [TestNG-test=Regression Parallel Run-1] TestListener - Starting Test : LoginTest.verifyInvalidLogin
2026-07-25 17:42:20 INFO  [TestNG-test=Regression Parallel Run-1] ExtentReportManager - Extent Test Created : LoginTest.verifyInvalidLogin
2026-07-25 17:42:20 INFO  [TestNG-test=Regression Parallel Run-1] LoginTest - TEST STARTED : Verify Invalid Login
2026-07-25 17:42:20 INFO  [TestNG-test=Regression Parallel Run-1] LoginPage - Entering username : invalid_user
2026-07-25 17:42:20 INFO  [TestNG-test=Regression Parallel Run-1] BasePage - Entering text : invalid_user
2026-07-25 17:42:21 INFO  [TestNG-test=Regression Parallel Run-2] LoginPage - Entering password
2026-07-25 17:42:21 INFO  [TestNG-test=Regression Parallel Run-2] BasePage - Entering text : secret_sauce
2026-07-25 17:42:21 INFO  [TestNG-test=Regression Parallel Run-1] LoginPage - Entering password
2026-07-25 17:42:21 INFO  [TestNG-test=Regression Parallel Run-1] BasePage - Entering text : wrong_password
2026-07-25 17:42:21 INFO  [TestNG-test=Regression Parallel Run-2] LoginPage - Clicking Login button
2026-07-25 17:42:21 INFO  [TestNG-test=Regression Parallel Run-2] BasePage - Clicking element : [[ChromeDriver: chrome on windows (430da6e24e2f79c9b2a4f1961a5f048a)] -> id: login-button]
2026-07-25 17:42:21 INFO  [TestNG-test=Regression Parallel Run-1] LoginPage - Clicking Login button
2026-07-25 17:42:21 INFO  [TestNG-test=Regression Parallel Run-1] BasePage - Clicking element : [[ChromeDriver: chrome on windows (38a6b9e9ecc610bf417e5c1bc1070b56)] -> id: login-button]
2026-07-25 17:42:22 INFO  [TestNG-test=Regression Parallel Run-3] LoginPage - Entering password
2026-07-25 17:42:22 INFO  [TestNG-test=Regression Parallel Run-3] BasePage - Entering text : secret_sauce
2026-07-25 17:42:22 INFO  [TestNG-test=Regression Parallel Run-2] LoginPage - Login successful
2026-07-25 17:42:22 INFO  [TestNG-test=Regression Parallel Run-2] HomePage - Checking products page visibility
2026-07-25 17:42:22 INFO  [TestNG-test=Regression Parallel Run-2] EndToEndTest - Login completed successfully
2026-07-25 17:42:22 INFO  [TestNG-test=Regression Parallel Run-2] ProductPage - Getting Products page title
2026-07-25 17:42:22 INFO  [TestNG-test=Regression Parallel Run-2] BasePage - Text fetched : Products
2026-07-25 17:42:22 INFO  [TestNG-test=Regression Parallel Run-3] LoginPage - Clicking Login button
2026-07-25 17:42:22 INFO  [TestNG-test=Regression Parallel Run-2] EndToEndTest - Products page verified
2026-07-25 17:42:22 INFO  [TestNG-test=Regression Parallel Run-2] ProductPage - Adding Sauce Labs Backpack to cart
2026-07-25 17:42:22 INFO  [TestNG-test=Regression Parallel Run-3] BasePage - Clicking element : [[ChromeDriver: chrome on windows (019920be813f79a17e1869965b9d7576)] -> id: login-button]
2026-07-25 17:42:22 INFO  [TestNG-test=Regression Parallel Run-2] BasePage - Clicking element : [[ChromeDriver: chrome on windows (430da6e24e2f79c9b2a4f1961a5f048a)] -> id: add-to-cart-sauce-labs-backpack]
2026-07-25 17:42:23 INFO  [TestNG-test=Regression Parallel Run-1] BasePage - Text fetched : Epic sadface: Username and password do not match any user in this service
2026-07-25 17:42:23 INFO  [TestNG-test=Regression Parallel Run-1] LoginTest - TEST PASSED : Verify Invalid Login
2026-07-25 17:42:23 INFO  [TestNG-test=Regression Parallel Run-1] TestListener - Test Passed : verifyInvalidLogin
2026-07-25 17:42:23 INFO  [TestNG-test=Regression Parallel Run-2] ProductPage - Getting cart count
2026-07-25 17:42:23 INFO  [TestNG-test=Regression Parallel Run-1] BaseTest - Cleaning test execution
2026-07-25 17:42:23 INFO  [TestNG-test=Regression Parallel Run-1] DriverFactory - Closing browser
2026-07-25 17:42:23 INFO  [TestNG-test=Regression Parallel Run-3] LoginPage - Login successful
2026-07-25 17:42:23 INFO  [TestNG-test=Regression Parallel Run-3] HomePage - Checking products page visibility
2026-07-25 17:42:23 INFO  [TestNG-test=Regression Parallel Run-3] ProductTest - Login completed successfully
2026-07-25 17:42:23 INFO  [TestNG-test=Regression Parallel Run-3] ProductPage - Getting Products page title
2026-07-25 17:42:23 INFO  [TestNG-test=Regression Parallel Run-1] DriverFactory - Browser closed successfully
2026-07-25 17:42:23 INFO  [TestNG-test=Regression Parallel Run-1] BaseTest - ========== Test Execution Completed ==========
2026-07-25 17:42:23 INFO  [TestNG-test=Regression Parallel Run-3] BasePage - Text fetched : Products
2026-07-25 17:42:23 INFO  [TestNG-test=Regression Parallel Run-3] ProductTest - Products page verified
2026-07-25 17:42:23 INFO  [TestNG-test=Regression Parallel Run-3] ProductPage - Adding Sauce Labs Backpack to cart
2026-07-25 17:42:23 INFO  [TestNG-test=Regression Parallel Run-1] BaseTest - ========== Starting Test : verifyLockedUserLogin ==========
2026-07-25 17:42:23 INFO  [TestNG-test=Regression Parallel Run-1] DriverFactory - Initializing browser : CHROME
2026-07-25 17:42:23 INFO  [TestNG-test=Regression Parallel Run-3] BasePage - Clicking element : [[ChromeDriver: chrome on windows (019920be813f79a17e1869965b9d7576)] -> id: add-to-cart-sauce-labs-backpack]
2026-07-25 17:42:23 INFO  [TestNG-test=Regression Parallel Run-3] ProductPage - Getting cart count
2026-07-25 17:42:25 INFO  [TestNG-test=Regression Parallel Run-1] DriverFactory - CHROME browser launched successfully
2026-07-25 17:42:25 INFO  [TestNG-test=Regression Parallel Run-1] BaseTest - Opening application URL : https://www.saucedemo.com/
2026-07-25 17:42:30 INFO  [TestNG-test=Regression Parallel Run-1] TestListener - Starting Test : LoginTest.verifyLockedUserLogin
2026-07-25 17:42:30 INFO  [TestNG-test=Regression Parallel Run-1] ExtentReportManager - Extent Test Created : LoginTest.verifyLockedUserLogin
2026-07-25 17:42:30 INFO  [TestNG-test=Regression Parallel Run-1] LoginTest - TEST STARTED : Verify Locked User Login
2026-07-25 17:42:30 INFO  [TestNG-test=Regression Parallel Run-1] LoginPage - Entering username : locked_out_user
2026-07-25 17:42:30 INFO  [TestNG-test=Regression Parallel Run-1] BasePage - Entering text : locked_out_user
2026-07-25 17:42:30 INFO  [TestNG-test=Regression Parallel Run-1] LoginPage - Entering password
2026-07-25 17:42:30 INFO  [TestNG-test=Regression Parallel Run-1] BasePage - Entering text : secret_sauce
2026-07-25 17:42:30 INFO  [TestNG-test=Regression Parallel Run-1] LoginPage - Clicking Login button
2026-07-25 17:42:30 INFO  [TestNG-test=Regression Parallel Run-1] BasePage - Clicking element : [[ChromeDriver: chrome on windows (e2c3f7fcf5a085ad2e69f0c5e6ef83e1)] -> id: login-button]
2026-07-25 17:42:31 INFO  [TestNG-test=Regression Parallel Run-1] BasePage - Text fetched : Epic sadface: Sorry, this user has been locked out.
2026-07-25 17:42:31 INFO  [TestNG-test=Regression Parallel Run-1] LoginTest - TEST PASSED : Verify Locked User Login
2026-07-25 17:42:31 INFO  [TestNG-test=Regression Parallel Run-1] TestListener - Test Passed : verifyLockedUserLogin
2026-07-25 17:42:31 INFO  [TestNG-test=Regression Parallel Run-1] BaseTest - Cleaning test execution
2026-07-25 17:42:31 INFO  [TestNG-test=Regression Parallel Run-1] DriverFactory - Closing browser
2026-07-25 17:42:31 INFO  [TestNG-test=Regression Parallel Run-1] DriverFactory - Browser closed successfully
2026-07-25 17:42:31 INFO  [TestNG-test=Regression Parallel Run-1] BaseTest - ========== Test Execution Completed ==========
2026-07-25 17:42:31 INFO  [TestNG-test=Regression Parallel Run-1] BaseTest - ========== Starting Test : verifyValidLogin ==========
2026-07-25 17:42:31 INFO  [TestNG-test=Regression Parallel Run-1] DriverFactory - Initializing browser : CHROME
2026-07-25 17:42:33 INFO  [TestNG-test=Regression Parallel Run-1] DriverFactory - CHROME browser launched successfully
2026-07-25 17:42:33 INFO  [TestNG-test=Regression Parallel Run-1] BaseTest - Opening application URL : https://www.saucedemo.com/
2026-07-25 17:42:36 INFO  [TestNG-test=Regression Parallel Run-1] TestListener - Starting Test : LoginTest.verifyValidLogin
2026-07-25 17:42:36 INFO  [TestNG-test=Regression Parallel Run-1] ExtentReportManager - Extent Test Created : LoginTest.verifyValidLogin
2026-07-25 17:42:36 INFO  [TestNG-test=Regression Parallel Run-1] LoginTest - TEST STARTED : Verify Valid Login
2026-07-25 17:42:36 INFO  [TestNG-test=Regression Parallel Run-1] LoginPage - Entering username : standard_user
2026-07-25 17:42:36 INFO  [TestNG-test=Regression Parallel Run-1] BasePage - Entering text : standard_user
2026-07-25 17:42:37 INFO  [TestNG-test=Regression Parallel Run-1] LoginPage - Entering password
2026-07-25 17:42:37 INFO  [TestNG-test=Regression Parallel Run-1] BasePage - Entering text : secret_sauce
2026-07-25 17:42:37 INFO  [TestNG-test=Regression Parallel Run-1] LoginPage - Clicking Login button
2026-07-25 17:42:37 INFO  [TestNG-test=Regression Parallel Run-1] BasePage - Clicking element : [[ChromeDriver: chrome on windows (e565086924df9cd40414da5affd6bc2e)] -> id: login-button]
2026-07-25 17:42:37 INFO  [TestNG-test=Regression Parallel Run-1] LoginPage - Login successful
2026-07-25 17:42:37 INFO  [TestNG-test=Regression Parallel Run-1] HomePage - Checking products page visibility
2026-07-25 17:42:37 INFO  [TestNG-test=Regression Parallel Run-1] HomePage - Getting page title
2026-07-25 17:42:37 INFO  [TestNG-test=Regression Parallel Run-1] BasePage - Text fetched : Products
2026-07-25 17:42:37 INFO  [TestNG-test=Regression Parallel Run-1] HomePage - Checking menu visibility
2026-07-25 17:42:37 INFO  [TestNG-test=Regression Parallel Run-1] LoginTest - TEST PASSED : Verify Valid Login
2026-07-25 17:42:37 INFO  [TestNG-test=Regression Parallel Run-1] TestListener - Test Passed : verifyValidLogin
2026-07-25 17:42:37 INFO  [TestNG-test=Regression Parallel Run-1] BaseTest - Cleaning test execution
2026-07-25 17:42:37 INFO  [TestNG-test=Regression Parallel Run-1] DriverFactory - Closing browser
2026-07-25 17:42:38 INFO  [TestNG-test=Regression Parallel Run-1] DriverFactory - Browser closed successfully
2026-07-25 17:42:38 INFO  [TestNG-test=Regression Parallel Run-1] BaseTest - ========== Test Execution Completed ==========
2026-07-25 17:42:54 ERROR [TestNG-test=Regression Parallel Run-2] BasePage - Unable to get text from element
org.openqa.selenium.TimeoutException: Expected condition failed: waiting for visibility of Proxy element for: DefaultElementLocator 'By.className: shopping_cart_badge' (tried for 20 second(s) with 500 milliseconds interval)
	at org.openqa.selenium.support.ui.WebDriverWait.timeoutException(WebDriverWait.java:84) ~[selenium-support-4.20.0.jar:?]
	at org.openqa.selenium.support.ui.FluentWait.until(FluentWait.java:228) ~[selenium-support-4.20.0.jar:?]
	at com.amol.automation.base.BasePage.getText(BasePage.java:104) [classes/:?]
	at com.amol.automation.pages.ProductPage.getCartCount(ProductPage.java:62) [classes/:?]
	at com.amol.automation.tests.EndToEndTest.verifyEndToEndPurchaseFlow(EndToEndTest.java:90) [test-classes/:?]
	at java.base/jdk.internal.reflect.NativeMethodAccessorImpl.invoke0(Native Method) ~[?:?]
	at java.base/jdk.internal.reflect.NativeMethodAccessorImpl.invoke(NativeMethodAccessorImpl.java:77) ~[?:?]
	at java.base/jdk.internal.reflect.DelegatingMethodAccessorImpl.invoke(DelegatingMethodAccessorImpl.java:43) ~[?:?]
	at java.base/java.lang.reflect.Method.invoke(Method.java:568) ~[?:?]
	at org.testng.internal.invokers.MethodInvocationHelper.invokeMethod(MethodInvocationHelper.java:139) [org.testng_7.8.0.r202306071539.jar:7.8.0]
	at org.testng.internal.invokers.TestInvoker.invokeMethod(TestInvoker.java:664) [org.testng_7.8.0.r202306071539.jar:7.8.0]
	at org.testng.internal.invokers.TestInvoker.invokeTestMethod(TestInvoker.java:227) [org.testng_7.8.0.r202306071539.jar:7.8.0]
	at org.testng.internal.invokers.MethodRunner.runInSequence(MethodRunner.java:50) [org.testng_7.8.0.r202306071539.jar:7.8.0]
	at org.testng.internal.invokers.TestInvoker$MethodInvocationAgent.invoke(TestInvoker.java:957) [org.testng_7.8.0.r202306071539.jar:7.8.0]
	at org.testng.internal.invokers.TestInvoker.invokeTestMethods(TestInvoker.java:200) [org.testng_7.8.0.r202306071539.jar:7.8.0]
	at org.testng.internal.invokers.TestMethodWorker.invokeTestMethods(TestMethodWorker.java:148) [org.testng_7.8.0.r202306071539.jar:7.8.0]
	at org.testng.internal.invokers.TestMethodWorker.run(TestMethodWorker.java:128) [org.testng_7.8.0.r202306071539.jar:7.8.0]
	at java.base/java.util.concurrent.ThreadPoolExecutor.runWorker(ThreadPoolExecutor.java:1136) [?:?]
	at java.base/java.util.concurrent.ThreadPoolExecutor$Worker.run(ThreadPoolExecutor.java:635) [?:?]
	at java.base/java.lang.Thread.run(Thread.java:833) [?:?]
Caused by: org.openqa.selenium.NoSuchElementException: no such element: Unable to locate element: {"method":"css selector","selector":".shopping_cart_badge"}
  (Session info: chrome=150.0.7871.182)
For documentation on this error, please visit: https://www.selenium.dev/documentation/webdriver/troubleshooting/errors#no-such-element-exception
Build info: version: '4.20.0', revision: '866c76ca80'
System info: os.name: 'Windows 10', os.arch: 'amd64', os.version: '10.0', java.version: '17.0.1'
Driver info: org.openqa.selenium.chrome.ChromeDriver
Command: [430da6e24e2f79c9b2a4f1961a5f048a, findElement {value=shopping_cart_badge, using=class name}]
Capabilities {acceptInsecureCerts: false, browserName: chrome, browserVersion: 150.0.7871.182, chrome: {chromedriverVersion: 150.0.7871.124 (9261fd0a595..., userDataDir: C:\WINDOWS\SystemTemp\scope...}, fedcm:accounts: true, goog:chromeOptions: {debuggerAddress: localhost:56105}, goog:processID: 16480, networkConnectionEnabled: false, pageLoadStrategy: normal, platformName: windows, proxy: Proxy(), se:cdp: ws://localhost:56105/devtoo..., se:cdpVersion: 150.0.7871.182, setWindowRect: true, strictFileInteractability: false, timeouts: {implicit: 0, pageLoad: 300000, script: 30000}, unhandledPromptBehavior: dismiss and notify, webauthn:extension:credBlob: true, webauthn:extension:largeBlob: true, webauthn:extension:minPinLength: true, webauthn:extension:prf: true, webauthn:virtualAuthenticators: true}
Session ID: 430da6e24e2f79c9b2a4f1961a5f048a
	at java.base/jdk.internal.reflect.NativeConstructorAccessorImpl.newInstance0(Native Method) ~[?:?]
	at java.base/jdk.internal.reflect.NativeConstructorAccessorImpl.newInstance(NativeConstructorAccessorImpl.java:77) ~[?:?]
	at java.base/jdk.internal.reflect.DelegatingConstructorAccessorImpl.newInstance(DelegatingConstructorAccessorImpl.java:45) ~[?:?]
	at java.base/java.lang.reflect.Constructor.newInstanceWithCaller(Constructor.java:499) ~[?:?]
	at java.base/java.lang.reflect.Constructor.newInstance(Constructor.java:480) ~[?:?]
	at org.openqa.selenium.remote.ErrorCodec.decode(ErrorCodec.java:167) ~[selenium-remote-driver-4.20.0.jar:?]
	at org.openqa.selenium.remote.codec.w3c.W3CHttpResponseCodec.decode(W3CHttpResponseCodec.java:138) ~[selenium-remote-driver-4.20.0.jar:?]
	at org.openqa.selenium.remote.codec.w3c.W3CHttpResponseCodec.decode(W3CHttpResponseCodec.java:50) ~[selenium-remote-driver-4.20.0.jar:?]
	at org.openqa.selenium.remote.HttpCommandExecutor.execute(HttpCommandExecutor.java:190) ~[selenium-remote-driver-4.20.0.jar:?]
	at org.openqa.selenium.remote.service.DriverCommandExecutor.invokeExecute(DriverCommandExecutor.java:216) ~[selenium-remote-driver-4.20.0.jar:?]
	at org.openqa.selenium.remote.service.DriverCommandExecutor.execute(DriverCommandExecutor.java:174) ~[selenium-remote-driver-4.20.0.jar:?]
	at org.openqa.selenium.remote.RemoteWebDriver.execute(RemoteWebDriver.java:518) ~[selenium-remote-driver-4.20.0.jar:?]
	at org.openqa.selenium.remote.ElementLocation$ElementFinder$2.findElement(ElementLocation.java:165) ~[selenium-remote-driver-4.20.0.jar:?]
	at org.openqa.selenium.remote.ElementLocation.findElement(ElementLocation.java:59) ~[selenium-remote-driver-4.20.0.jar:?]
	at org.openqa.selenium.remote.RemoteWebDriver.findElement(RemoteWebDriver.java:355) ~[selenium-remote-driver-4.20.0.jar:?]
	at org.openqa.selenium.remote.RemoteWebDriver.findElement(RemoteWebDriver.java:349) ~[selenium-remote-driver-4.20.0.jar:?]
	at org.openqa.selenium.support.pagefactory.DefaultElementLocator.findElement(DefaultElementLocator.java:68) ~[selenium-support-4.20.0.jar:?]
	at org.openqa.selenium.support.pagefactory.internal.LocatingElementHandler.invoke(LocatingElementHandler.java:38) ~[selenium-support-4.20.0.jar:?]
	at jdk.proxy2/jdk.proxy2.$Proxy28.isDisplayed(Unknown Source) ~[?:?]
	at org.openqa.selenium.support.ui.ExpectedConditions.elementIfVisible(ExpectedConditions.java:304) ~[selenium-support-4.20.0.jar:?]
	at org.openqa.selenium.support.ui.ExpectedConditions$10.apply(ExpectedConditions.java:290) ~[selenium-support-4.20.0.jar:?]
	at org.openqa.selenium.support.ui.ExpectedConditions$10.apply(ExpectedConditions.java:287) ~[selenium-support-4.20.0.jar:?]
	at org.openqa.selenium.support.ui.FluentWait.until(FluentWait.java:203) ~[selenium-support-4.20.0.jar:?]
	... 18 more
2026-07-25 17:42:54 ERROR [TestNG-test=Regression Parallel Run-2] TestListener - Test Failed : EndToEndTest_verifyEndToEndPurchaseFlow
2026-07-25 17:42:54 INFO  [TestNG-test=Regression Parallel Run-2] ScreenshotUtils - Screenshot captured successfully : C:\Users\HP\Desktop\Project\selenium-testng-framework\screenshots\EndToEndTest_verifyEndToEndPurchaseFlow_20260725_174254.png
2026-07-25 17:42:54 INFO  [TestNG-test=Regression Parallel Run-2] BaseTest - Cleaning test execution
2026-07-25 17:42:54 INFO  [TestNG-test=Regression Parallel Run-2] DriverFactory - Closing browser
2026-07-25 17:42:54 ERROR [TestNG-test=Regression Parallel Run-3] BasePage - Unable to get text from element
org.openqa.selenium.TimeoutException: Expected condition failed: waiting for visibility of Proxy element for: DefaultElementLocator 'By.className: shopping_cart_badge' (tried for 20 second(s) with 500 milliseconds interval)
	at org.openqa.selenium.support.ui.WebDriverWait.timeoutException(WebDriverWait.java:84) ~[selenium-support-4.20.0.jar:?]
	at org.openqa.selenium.support.ui.FluentWait.until(FluentWait.java:228) ~[selenium-support-4.20.0.jar:?]
	at com.amol.automation.base.BasePage.getText(BasePage.java:104) [classes/:?]
	at com.amol.automation.pages.ProductPage.getCartCount(ProductPage.java:62) [classes/:?]
	at com.amol.automation.tests.ProductTest.verifyProductAddToCart(ProductTest.java:57) [test-classes/:?]
	at java.base/jdk.internal.reflect.NativeMethodAccessorImpl.invoke0(Native Method) ~[?:?]
	at java.base/jdk.internal.reflect.NativeMethodAccessorImpl.invoke(NativeMethodAccessorImpl.java:77) ~[?:?]
	at java.base/jdk.internal.reflect.DelegatingMethodAccessorImpl.invoke(DelegatingMethodAccessorImpl.java:43) ~[?:?]
	at java.base/java.lang.reflect.Method.invoke(Method.java:568) ~[?:?]
	at org.testng.internal.invokers.MethodInvocationHelper.invokeMethod(MethodInvocationHelper.java:139) [org.testng_7.8.0.r202306071539.jar:7.8.0]
	at org.testng.internal.invokers.TestInvoker.invokeMethod(TestInvoker.java:664) [org.testng_7.8.0.r202306071539.jar:7.8.0]
	at org.testng.internal.invokers.TestInvoker.invokeTestMethod(TestInvoker.java:227) [org.testng_7.8.0.r202306071539.jar:7.8.0]
	at org.testng.internal.invokers.MethodRunner.runInSequence(MethodRunner.java:50) [org.testng_7.8.0.r202306071539.jar:7.8.0]
	at org.testng.internal.invokers.TestInvoker$MethodInvocationAgent.invoke(TestInvoker.java:957) [org.testng_7.8.0.r202306071539.jar:7.8.0]
	at org.testng.internal.invokers.TestInvoker.invokeTestMethods(TestInvoker.java:200) [org.testng_7.8.0.r202306071539.jar:7.8.0]
	at org.testng.internal.invokers.TestMethodWorker.invokeTestMethods(TestMethodWorker.java:148) [org.testng_7.8.0.r202306071539.jar:7.8.0]
	at org.testng.internal.invokers.TestMethodWorker.run(TestMethodWorker.java:128) [org.testng_7.8.0.r202306071539.jar:7.8.0]
	at java.base/java.util.concurrent.ThreadPoolExecutor.runWorker(ThreadPoolExecutor.java:1136) [?:?]
	at java.base/java.util.concurrent.ThreadPoolExecutor$Worker.run(ThreadPoolExecutor.java:635) [?:?]
	at java.base/java.lang.Thread.run(Thread.java:833) [?:?]
Caused by: org.openqa.selenium.NoSuchElementException: no such element: Unable to locate element: {"method":"css selector","selector":".shopping_cart_badge"}
  (Session info: chrome=150.0.7871.182)
For documentation on this error, please visit: https://www.selenium.dev/documentation/webdriver/troubleshooting/errors#no-such-element-exception
Build info: version: '4.20.0', revision: '866c76ca80'
System info: os.name: 'Windows 10', os.arch: 'amd64', os.version: '10.0', java.version: '17.0.1'
Driver info: org.openqa.selenium.chrome.ChromeDriver
Command: [019920be813f79a17e1869965b9d7576, findElement {value=shopping_cart_badge, using=class name}]
Capabilities {acceptInsecureCerts: false, browserName: chrome, browserVersion: 150.0.7871.182, chrome: {chromedriverVersion: 150.0.7871.124 (9261fd0a595..., userDataDir: C:\WINDOWS\SystemTemp\scope...}, fedcm:accounts: true, goog:chromeOptions: {debuggerAddress: localhost:56106}, goog:processID: 15612, networkConnectionEnabled: false, pageLoadStrategy: normal, platformName: windows, proxy: Proxy(), se:cdp: ws://localhost:56106/devtoo..., se:cdpVersion: 150.0.7871.182, setWindowRect: true, strictFileInteractability: false, timeouts: {implicit: 0, pageLoad: 300000, script: 30000}, unhandledPromptBehavior: dismiss and notify, webauthn:extension:credBlob: true, webauthn:extension:largeBlob: true, webauthn:extension:minPinLength: true, webauthn:extension:prf: true, webauthn:virtualAuthenticators: true}
Session ID: 019920be813f79a17e1869965b9d7576
	at java.base/jdk.internal.reflect.NativeConstructorAccessorImpl.newInstance0(Native Method) ~[?:?]
	at java.base/jdk.internal.reflect.NativeConstructorAccessorImpl.newInstance(NativeConstructorAccessorImpl.java:77) ~[?:?]
	at java.base/jdk.internal.reflect.DelegatingConstructorAccessorImpl.newInstance(DelegatingConstructorAccessorImpl.java:45) ~[?:?]
	at java.base/java.lang.reflect.Constructor.newInstanceWithCaller(Constructor.java:499) ~[?:?]
	at java.base/java.lang.reflect.Constructor.newInstance(Constructor.java:480) ~[?:?]
	at org.openqa.selenium.remote.ErrorCodec.decode(ErrorCodec.java:167) ~[selenium-remote-driver-4.20.0.jar:?]
	at org.openqa.selenium.remote.codec.w3c.W3CHttpResponseCodec.decode(W3CHttpResponseCodec.java:138) ~[selenium-remote-driver-4.20.0.jar:?]
	at org.openqa.selenium.remote.codec.w3c.W3CHttpResponseCodec.decode(W3CHttpResponseCodec.java:50) ~[selenium-remote-driver-4.20.0.jar:?]
	at org.openqa.selenium.remote.HttpCommandExecutor.execute(HttpCommandExecutor.java:190) ~[selenium-remote-driver-4.20.0.jar:?]
	at org.openqa.selenium.remote.service.DriverCommandExecutor.invokeExecute(DriverCommandExecutor.java:216) ~[selenium-remote-driver-4.20.0.jar:?]
	at org.openqa.selenium.remote.service.DriverCommandExecutor.execute(DriverCommandExecutor.java:174) ~[selenium-remote-driver-4.20.0.jar:?]
	at org.openqa.selenium.remote.RemoteWebDriver.execute(RemoteWebDriver.java:518) ~[selenium-remote-driver-4.20.0.jar:?]
	at org.openqa.selenium.remote.ElementLocation$ElementFinder$2.findElement(ElementLocation.java:165) ~[selenium-remote-driver-4.20.0.jar:?]
	at org.openqa.selenium.remote.ElementLocation.findElement(ElementLocation.java:59) ~[selenium-remote-driver-4.20.0.jar:?]
	at org.openqa.selenium.remote.RemoteWebDriver.findElement(RemoteWebDriver.java:355) ~[selenium-remote-driver-4.20.0.jar:?]
	at org.openqa.selenium.remote.RemoteWebDriver.findElement(RemoteWebDriver.java:349) ~[selenium-remote-driver-4.20.0.jar:?]
	at org.openqa.selenium.support.pagefactory.DefaultElementLocator.findElement(DefaultElementLocator.java:68) ~[selenium-support-4.20.0.jar:?]
	at org.openqa.selenium.support.pagefactory.internal.LocatingElementHandler.invoke(LocatingElementHandler.java:38) ~[selenium-support-4.20.0.jar:?]
	at jdk.proxy2/jdk.proxy2.$Proxy28.isDisplayed(Unknown Source) ~[?:?]
	at org.openqa.selenium.support.ui.ExpectedConditions.elementIfVisible(ExpectedConditions.java:304) ~[selenium-support-4.20.0.jar:?]
	at org.openqa.selenium.support.ui.ExpectedConditions$10.apply(ExpectedConditions.java:290) ~[selenium-support-4.20.0.jar:?]
	at org.openqa.selenium.support.ui.ExpectedConditions$10.apply(ExpectedConditions.java:287) ~[selenium-support-4.20.0.jar:?]
	at org.openqa.selenium.support.ui.FluentWait.until(FluentWait.java:203) ~[selenium-support-4.20.0.jar:?]
	... 18 more
2026-07-25 17:42:54 ERROR [TestNG-test=Regression Parallel Run-3] TestListener - Test Failed : ProductTest_verifyProductAddToCart
2026-07-25 17:42:54 INFO  [TestNG-test=Regression Parallel Run-3] ScreenshotUtils - Screenshot captured successfully : C:\Users\HP\Desktop\Project\selenium-testng-framework\screenshots\ProductTest_verifyProductAddToCart_20260725_174254.png
2026-07-25 17:42:54 INFO  [TestNG-test=Regression Parallel Run-3] BaseTest - Cleaning test execution
2026-07-25 17:42:54 INFO  [TestNG-test=Regression Parallel Run-3] DriverFactory - Closing browser
2026-07-25 17:42:55 INFO  [TestNG-test=Regression Parallel Run-2] DriverFactory - Browser closed successfully
2026-07-25 17:42:55 INFO  [TestNG-test=Regression Parallel Run-2] BaseTest - ========== Test Execution Completed ==========
2026-07-25 17:42:55 INFO  [TestNG-test=Regression Parallel Run-3] DriverFactory - Browser closed successfully
2026-07-25 17:42:55 INFO  [TestNG-test=Regression Parallel Run-3] BaseTest - ========== Test Execution Completed ==========
2026-07-25 17:42:55 INFO  [main] TestListener - ========== Test Execution Completed ==========
2026-07-25 17:42:55 INFO  [main] ExtentReportManager - Extent Report flushed
